desc: --massif-out-file=massif.out
cmd: ./target/release/opensovd-cda --databases-path ./testcontainer/odx --tester-address 192.168.0.108
time_unit: i
#-----------
snapshot=0
#-----------
time=0
mem_heap_B=0
mem_heap_extra_B=0
mem_stacks_B=0
heap_tree=empty
#-----------
snapshot=1
#-----------
time=403407962
mem_heap_B=1115296
mem_heap_extra_B=326344
mem_stacks_B=0
heap_tree=empty
#-----------
snapshot=2
#-----------
time=855106977
mem_heap_B=2204287
mem_heap_extra_B=803417
mem_stacks_B=0
heap_tree=detailed
n7: 2204287 (heap allocation functions) malloc/new/new[], --alloc-fns, etc.
 n1: 1265328 0x1050A4D3B: alloc::vec::Vec<T,A>::into_boxed_slice (in ./target/release/opensovd-cda)
  n2: 1265328 0x105080A0F: dhat::new_backtrace_inner (in ./target/release/opensovd-cda)
   n13: 1264896 0x105082F17: <dhat::Alloc as core::alloc::global::GlobalAlloc>::alloc (in ./target/release/opensovd-cda)
    n0: 408816 in 360 places, all below massif's threshold (1.00%)
    n3: 236160 0x105106663: <figment::value::ser::ValueSerializer as serde_core::ser::Serializer>::serialize_str (in ./target/release/opensovd-cda)
     n2: 186720 0x104F669AB: <figment::value::ser::MapSerializer as serde_core::ser::SerializeMap>::serialize_key (in ./target/release/opensovd-cda)
      n0: 143520 in 74 places, all below massif's threshold (1.00%)
      n1: 43200 0x104F6BD83: <figment::value::ser::MapSerializer as serde_core::ser::SerializeStruct>::serialize_field (in ./target/release/opensovd-cda)
       n0: 43200 in 36 places, all below massif's threshold (1.00%)
     n1: 43200 0x104F6BD9B: <figment::value::ser::MapSerializer as serde_core::ser::SerializeStruct>::serialize_field (in ./target/release/opensovd-cda)
      n0: 43200 in 36 places, all below massif's threshold (1.00%)
     n0: 6240 in 4 places, all below massif's threshold (1.00%)
    n1: 90240 0x1050CD0D3: <toml::value::ValueSerializer as serde_core::ser::Serializer>::serialize_str (in ./target/release/opensovd-cda)
     n0: 90240 in 50 places, all below massif's threshold (1.00%)
    n1: 56160 0x1050FB3B3: <alloc::collections::btree::map::BTreeMap<K,V> as core::iter::traits::collect::FromIterator<(K,V)>>::from_iter (in ./target/release/opensovd-cda)
     n1: 56160 0x105106323: <figment::value::ser::MapSerializer as serde_core::ser::SerializeMap>::end (in ./target/release/opensovd-cda)
      n0: 56160 in 35 places, all below massif's threshold (1.00%)
    n1: 56160 0x1050FB65B: <alloc::collections::btree::map::BTreeMap<K,V> as core::iter::traits::collect::FromIterator<(K,V)>>::from_iter (in ./target/release/opensovd-cda)
     n1: 56160 0x10510635B: <figment::value::ser::MapSerializer as serde_core::ser::SerializeMap>::end (in ./target/release/opensovd-cda)
      n0: 56160 in 35 places, all below massif's threshold (1.00%)
    n1: 56160 0x1050FE07B: alloc::vec::in_place_collect::<impl alloc::vec::spec_from_iter::SpecFromIter<T,I> for alloc::vec::Vec<T>>::from_iter (in ./target/release/opensovd-cda)
     n1: 56160 0x1050FB37F: <alloc::collections::btree::map::BTreeMap<K,V> as core::iter::traits::collect::FromIterator<(K,V)>>::from_iter (in ./target/release/opensovd-cda)
      n1: 56160 0x105106323: <figment::value::ser::MapSerializer as serde_core::ser::SerializeMap>::end (in ./target/release/opensovd-cda)
       n0: 56160 in 35 places, all below massif's threshold (1.00%)
    n1: 56160 0x1050FE7B3: <alloc::vec::Vec<T> as alloc::vec::spec_from_iter::SpecFromIter<T,I>>::from_iter (in ./target/release/opensovd-cda)
     n1: 56160 0x1050FB627: <alloc::collections::btree::map::BTreeMap<K,V> as core::iter::traits::collect::FromIterator<(K,V)>>::from_iter (in ./target/release/opensovd-cda)
      n1: 56160 0x10510635B: <figment::value::ser::MapSerializer as serde_core::ser::SerializeMap>::end (in ./target/release/opensovd-cda)
       n0: 56160 in 35 places, all below massif's threshold (1.00%)
    n1: 56160 0x105100B8B: <core::iter::adapters::map::Map<I,F> as core::iter::traits::iterator::Iterator>::fold (in ./target/release/opensovd-cda)
     n1: 56160 0x1050FE80B: <alloc::vec::Vec<T> as alloc::vec::spec_from_iter::SpecFromIter<T,I>>::from_iter (in ./target/release/opensovd-cda)
      n1: 56160 0x1050FB627: <alloc::collections::btree::map::BTreeMap<K,V> as core::iter::traits::collect::FromIterator<(K,V)>>::from_iter (in ./target/release/opensovd-cda)
       n1: 56160 0x10510635B: <figment::value::ser::MapSerializer as serde_core::ser::SerializeMap>::end (in ./target/release/opensovd-cda)
        n0: 56160 in 35 places, all below massif's threshold (1.00%)
    n2: 56160 0x105105EFB: figment::value::ser::MapSerializer::new (in ./target/release/opensovd-cda)
     n1: 53760 0x10510675F: <figment::value::ser::ValueSerializer as serde_core::ser::Serializer>::serialize_struct (in ./target/release/opensovd-cda)
      n0: 53760 in 31 places, all below massif's threshold (1.00%)
     n0: 2400 in 1 place, below massif's threshold (1.00%)
    n2: 56160 0x105105F7B: figment::value::ser::MapSerializer::new (in ./target/release/opensovd-cda)
     n1: 53760 0x10510675F: <figment::value::ser::ValueSerializer as serde_core::ser::Serializer>::serialize_struct (in ./target/release/opensovd-cda)
      n0: 53760 in 31 places, all below massif's threshold (1.00%)
     n0: 2400 in 1 place, below massif's threshold (1.00%)
    n1: 52608 0x10576EFD7: <alloc::string::String as core::clone::Clone>::clone (in ./target/release/opensovd-cda)
     n0: 52608 in 28 places, all below massif's threshold (1.00%)
    n1: 46992 0x104EFD46B: <figment::value::de::ConfiguredValueDe<I> as serde_core::de::Deserializer>::deserialize_any (in ./target/release/opensovd-cda)
     n0: 46992 in 39 places, all below massif's threshold (1.00%)
    n1: 36960 0x1051067BF: <figment::value::ser::ValueSerializer as serde_core::ser::Serializer>::serialize_unit_variant (in ./target/release/opensovd-cda)
     n0: 36960 in 6 places, all below massif's threshold (1.00%)
   n0: 432 in 2 places, all below massif's threshold (1.00%)
 n1: 327680 0x1057983CF: alloc::raw_vec::RawVecInner<A>::finish_grow (in ./target/release/opensovd-cda)
  n1: 327680 0x105798347: alloc::raw_vec::RawVec<T,A>::grow_one (in ./target/release/opensovd-cda)
   n1: 327680 0x105080FE3: dhat::Globals::get_pp_info (in ./target/release/opensovd-cda)
    n2: 327680 0x105082F33: <dhat::Alloc as core::alloc::global::GlobalAlloc>::alloc (in ./target/release/opensovd-cda)
     n1: 327680 0x1050CD0D3: <toml::value::ValueSerializer as serde_core::ser::Serializer>::serialize_str (in ./target/release/opensovd-cda)
      n1: 327680 0x104F61C77: toml::value::Value::try_from (in ./target/release/opensovd-cda)
       n1: 327680 0x1050498F7: <toml::table::SerializeMap as serde_core::ser::SerializeMap>::serialize_value (in ./target/release/opensovd-cda)
        n1: 327680 0x104F5D877: toml::value::Value::try_from (in ./target/release/opensovd-cda)
         n1: 327680 0x10504799B: <toml::table::SerializeMap as serde_core::ser::SerializeMap>::serialize_value (in ./target/release/opensovd-cda)
          n1: 327680 0x104F53A57: cda_interfaces::datatypes::com_params::_::<impl serde_core::ser::Serialize for cda_interfaces::datatypes::com_params::ComParams>::serialize (in ./target/release/opensovd-cda)
           n1: 327680 0x1050532C7: <opensovd_cda_lib::config::com_params::EcuComParams as serde_core::de::Deserialize>::deserialize (in ./target/release/opensovd-cda)
            n1: 327680 0x104F0F0CF: <figment::value::de::ConfiguredValueDe<I> as serde_core::de::Deserializer>::deserialize_struct (in ./target/release/opensovd-cda)
             n1: 327680 0x104F04B07: <figment::value::de::ConfiguredValueDe<I> as serde_core::de::Deserializer>::deserialize_any (in ./target/release/opensovd-cda)
              n1: 327680 0x104F06807: <figment::value::de::ConfiguredValueDe<I> as serde_core::de::Deserializer>::deserialize_any (in ./target/release/opensovd-cda)
               n1: 327680 0x105036187: figment::figment::Figment::extract (in ./target/release/opensovd-cda)
                n1: 327680 0x104FBAF17: opensovd_cda_lib::config::load_config (in ./target/release/opensovd-cda)
                 n1: 327680 0x104FBB26F: opensovd_cda_lib::config::load_config_with_fallback (in ./target/release/opensovd-cda)
                  n1: 327680 0x104D2D6CF: opensovd_cda_lib::run_with_ext::{{closure}}::{{closure}} (in ./target/release/opensovd-cda)
                   n1: 327680 0x104D5AFC3: <core::pin::Pin<P> as core::future::future::Future>::poll (in ./target/release/opensovd-cda)
                    n1: 327680 0x104A35597: opensovd_cda::main (in ./target/release/opensovd-cda)
                     n1: 327680 0x104C8DBAF: std::sys::backtrace::__rust_begin_short_backtrace (in ./target/release/opensovd-cda)
                      n1: 327680 0x104E1715B: std::rt::lang_start::{{closure}} (in ./target/release/opensovd-cda)
                       n1: 327680 0x1057575CB: std::rt::lang_start_internal (in ./target/release/opensovd-cda)
                        n0: 327680 0x104A9910B: main (in ./target/release/opensovd-cda)
     n0: 0 in 7 places, all below massif's threshold (1.00%)
 n4: 287408 0x105082E23: <dhat::Alloc as core::alloc::global::GlobalAlloc>::alloc (in ./target/release/opensovd-cda)
  n0: 136240 in 438 places, all below massif's threshold (1.00%)
  n2: 85632 0x105788563: alloc::raw_vec::RawVecInner<A>::finish_grow (in ./target/release/opensovd-cda)
   n1: 52800 0x104CB89AB: indexmap::map::IndexMap<K,V,S>::insert_full (in ./target/release/opensovd-cda)
    n0: 52800 in 2 places, all below massif's threshold (1.00%)
   n0: 32832 in 8 places, all below massif's threshold (1.00%)
  n1: 32768 0x1052AB4C7: <tracing_subscriber::registry::sharded::Registry as core::default::Default>::default (in ./target/release/opensovd-cda)
   n1: 32768 0x10519D1D7: cda_tracing::new (in ./target/release/opensovd-cda)
    n1: 32768 0x104F4033F: opensovd_cda_lib::setup_tracing (in ./target/release/opensovd-cda)
     n1: 32768 0x104D31113: opensovd_cda_lib::run_with_config_ext::{{closure}} (in ./target/release/opensovd-cda)
      n1: 32768 0x104D2F39F: opensovd_cda_lib::run_with_ext::{{closure}}::{{closure}} (in ./target/release/opensovd-cda)
       n1: 32768 0x104D5AFC3: <core::pin::Pin<P> as core::future::future::Future>::poll (in ./target/release/opensovd-cda)
        n1: 32768 0x104A35597: opensovd_cda::main (in ./target/release/opensovd-cda)
         n1: 32768 0x104C8DBAF: std::sys::backtrace::__rust_begin_short_backtrace (in ./target/release/opensovd-cda)
          n1: 32768 0x104E1715B: std::rt::lang_start::{{closure}} (in ./target/release/opensovd-cda)
           n1: 32768 0x1057575CB: std::rt::lang_start_internal (in ./target/release/opensovd-cda)
            n0: 32768 0x104A9910B: main (in ./target/release/opensovd-cda)
  n1: 32768 0x10573A07B: mio::event::events::Events::with_capacity (in ./target/release/opensovd-cda)
   n1: 32768 0x1057147D7: tokio::runtime::io::driver::Driver::new (in ./target/release/opensovd-cda)
    n1: 32768 0x10571D9FF: tokio::runtime::driver::Driver::new (in ./target/release/opensovd-cda)
     n1: 32768 0x105710EAF: tokio::runtime::builder::Builder::build (in ./target/release/opensovd-cda)
      n1: 32768 0x104A35233: opensovd_cda::main (in ./target/release/opensovd-cda)
       n1: 32768 0x104C8DBAF: std::sys::backtrace::__rust_begin_short_backtrace (in ./target/release/opensovd-cda)
        n1: 32768 0x104E1715B: std::rt::lang_start::{{closure}} (in ./target/release/opensovd-cda)
         n1: 32768 0x1057575CB: std::rt::lang_start_internal (in ./target/release/opensovd-cda)
          n0: 32768 0x104A9910B: main (in ./target/release/opensovd-cda)
 n0: 106639 in 89 places, all below massif's threshold (1.00%)
 n1: 102408 0x105797E8B: hashbrown::raw::RawTable<T,A>::reserve_rehash (in ./target/release/opensovd-cda)
  n1: 102408 0x10508AFF7: hashbrown::rustc_entry::<impl hashbrown::map::HashMap<K,V,S,A>>::rustc_entry (in ./target/release/opensovd-cda)
   n1: 102408 0x105080FBB: dhat::Globals::get_pp_info (in ./target/release/opensovd-cda)
    n2: 102408 0x105082F33: <dhat::Alloc as core::alloc::global::GlobalAlloc>::alloc (in ./target/release/opensovd-cda)
     n2: 102408 0x105106663: <figment::value::ser::ValueSerializer as serde_core::ser::Serializer>::serialize_str (in ./target/release/opensovd-cda)
      n1: 102408 0x104F6BD9B: <figment::value::ser::MapSerializer as serde_core::ser::SerializeStruct>::serialize_field (in ./target/release/opensovd-cda)
       n1: 102408 0x104F6A7A7: <figment::value::ser::MapSerializer as serde_core::ser::SerializeStruct>::serialize_field (in ./target/release/opensovd-cda)
        n1: 102408 0x104F533CB: cda_interfaces::datatypes::com_params::_::<impl serde_core::ser::Serialize for cda_interfaces::datatypes::com_params::ComParams>::serialize (in ./target/release/opensovd-cda)
         n1: 102408 0x105026577: <figment::providers::serialized::Serialized<T> as figment::provider::Provider>::data (in ./target/release/opensovd-cda)
          n1: 102408 0x1050378DB: figment::figment::Figment::provide (in ./target/release/opensovd-cda)
           n1: 102408 0x105052F57: <opensovd_cda_lib::config::com_params::EcuComParams as serde_core::de::Deserialize>::deserialize (in ./target/release/opensovd-cda)
            n1: 102408 0x104F0F0CF: <figment::value::de::ConfiguredValueDe<I> as serde_core::de::Deserializer>::deserialize_struct (in ./target/release/opensovd-cda)
             n1: 102408 0x104F04B07: <figment::value::de::ConfiguredValueDe<I> as serde_core::de::Deserializer>::deserialize_any (in ./target/release/opensovd-cda)
              n1: 102408 0x104F06807: <figment::value::de::ConfiguredValueDe<I> as serde_core::de::Deserializer>::deserialize_any (in ./target/release/opensovd-cda)
               n1: 102408 0x105036187: figment::figment::Figment::extract (in ./target/release/opensovd-cda)
                n1: 102408 0x104FBAF17: opensovd_cda_lib::config::load_config (in ./target/release/opensovd-cda)
                 n1: 102408 0x104FBB26F: opensovd_cda_lib::config::load_config_with_fallback (in ./target/release/opensovd-cda)
                  n1: 102408 0x104D2D6CF: opensovd_cda_lib::run_with_ext::{{closure}}::{{closure}} (in ./target/release/opensovd-cda)
                   n1: 102408 0x104D5AFC3: <core::pin::Pin<P> as core::future::future::Future>::poll (in ./target/release/opensovd-cda)
                    n1: 102408 0x104A35597: opensovd_cda::main (in ./target/release/opensovd-cda)
                     n1: 102408 0x104C8DBAF: std::sys::backtrace::__rust_begin_short_backtrace (in ./target/release/opensovd-cda)
                      n1: 102408 0x104E1715B: std::rt::lang_start::{{closure}} (in ./target/release/opensovd-cda)
                       n1: 102408 0x1057575CB: std::rt::lang_start_internal (in ./target/release/opensovd-cda)
                        n0: 102408 0x104A9910B: main (in ./target/release/opensovd-cda)
      n0: 0 in 1 place, below massif's threshold (1.00%)
     n0: 0 in 5 places, all below massif's threshold (1.00%)
 n1: 67592 0x1057970CB: hashbrown::raw::RawTable<T,A>::reserve_rehash (in ./target/release/opensovd-cda)
  n1: 67592 0x10508B657: hashbrown::map::HashMap<K,V,S,A>::insert (in ./target/release/opensovd-cda)
   n2: 67592 0x105082F73: <dhat::Alloc as core::alloc::global::GlobalAlloc>::alloc (in ./target/release/opensovd-cda)
    n1: 67592 0x10576EFD7: <alloc::string::String as core::clone::Clone>::clone (in ./target/release/opensovd-cda)
     n1: 67592 0x1050FE56F: <alloc::vec::Vec<T,A> as core::clone::Clone>::clone (in ./target/release/opensovd-cda)
      n1: 67592 0x1050FCCBB: <alloc::collections::btree::map::BTreeMap<K,V,A> as core::clone::Clone>::clone::clone_subtree (in ./target/release/opensovd-cda)
       n1: 67592 0x1050FCC7B: <alloc::collections::btree::map::BTreeMap<K,V,A> as core::clone::Clone>::clone::clone_subtree (in ./target/release/opensovd-cda)
        n1: 67592 0x1050FCC7B: <alloc::collections::btree::map::BTreeMap<K,V,A> as core::clone::Clone>::clone::clone_subtree (in ./target/release/opensovd-cda)
         n1: 67592 0x1050FC90B: <alloc::collections::btree::map::BTreeMap<K,V,A> as core::clone::Clone>::clone::clone_subtree (in ./target/release/opensovd-cda)
          n1: 67592 0x1050FD1D7: <alloc::collections::btree::map::BTreeMap<K,V,A> as core::clone::Clone>::clone::clone_subtree (in ./target/release/opensovd-cda)
           n1: 67592 0x105104F3B: figment::figment::Figment::merged (in ./target/release/opensovd-cda)
            n1: 67592 0x10503614B: figment::figment::Figment::extract (in ./target/release/opensovd-cda)
             n1: 67592 0x104FBAF17: opensovd_cda_lib::config::load_config (in ./target/release/opensovd-cda)
              n1: 67592 0x104FBB26F: opensovd_cda_lib::config::load_config_with_fallback (in ./target/release/opensovd-cda)
               n1: 67592 0x104D2D6CF: opensovd_cda_lib::run_with_ext::{{closure}}::{{closure}} (in ./target/release/opensovd-cda)
                n1: 67592 0x104D5AFC3: <core::pin::Pin<P> as core::future::future::Future>::poll (in ./target/release/opensovd-cda)
                 n1: 67592 0x104A35597: opensovd_cda::main (in ./target/release/opensovd-cda)
                  n1: 67592 0x104C8DBAF: std::sys::backtrace::__rust_begin_short_backtrace (in ./target/release/opensovd-cda)
                   n1: 67592 0x104E1715B: std::rt::lang_start::{{closure}} (in ./target/release/opensovd-cda)
                    n1: 67592 0x1057575CB: std::rt::lang_start_internal (in ./target/release/opensovd-cda)
                     n0: 67592 0x104A9910B: main (in ./target/release/opensovd-cda)
    n0: 0 in 5 places, all below massif's threshold (1.00%)
 n1: 47232 0x105798A8B: alloc::raw_vec::RawVecInner<A>::finish_grow (in ./target/release/opensovd-cda)
  n1: 47232 0x1057985F3: alloc::raw_vec::RawVec<T,A>::grow_one (in ./target/release/opensovd-cda)
   n1: 47232 0x10508BD43: dhat::new_backtrace_inner::{{closure}} (in ./target/release/opensovd-cda)
    n1: 47232 0x10509E6AB: backtrace::backtrace::libunwind::trace::trace_fn (in ./target/release/opensovd-cda)
     n1: 47232 0x196E37BB7: _Unwind_Backtrace (in /usr/lib/system/libunwind.dylib)
      n1: 47232 0x10508BDF3: backtrace::backtrace::trace (in ./target/release/opensovd-cda)
       n2: 47232 0x1050809F7: dhat::new_backtrace_inner (in ./target/release/opensovd-cda)
        n1: 47232 0x105082F17: <dhat::Alloc as core::alloc::global::GlobalAlloc>::alloc (in ./target/release/opensovd-cda)
         n0: 47232 in 406 places, all below massif's threshold (1.00%)
        n0: 0 in 2 places, all below massif's threshold (1.00%)
#-----------
snapshot=3
#-----------
time=1548590773
mem_heap_B=3829588
mem_heap_extra_B=1219532
mem_stacks_B=0
heap_tree=detailed
n8: 3829588 (heap allocation functions) malloc/new/new[], --alloc-fns, etc.
 n1: 1919472 0x1050A4D3B: alloc::vec::Vec<T,A>::into_boxed_slice (in ./target/release/opensovd-cda)
  n2: 1919472 0x105080A0F: dhat::new_backtrace_inner (in ./target/release/opensovd-cda)
   n13: 1919040 0x105082F17: <dhat::Alloc as core::alloc::global::GlobalAlloc>::alloc (in ./target/release/opensovd-cda)
    n0: 660000 in 444 places, all below massif's threshold (1.00%)
    n3: 326400 0x105106663: <figment::value::ser::ValueSerializer as serde_core::ser::Serializer>::serialize_str (in ./target/release/opensovd-cda)
     n2: 260160 0x104F669AB: <figment::value::ser::MapSerializer as serde_core::ser::SerializeMap>::serialize_key (in ./target/release/opensovd-cda)
      n0: 201600 in 74 places, all below massif's threshold (1.00%)
      n1: 58560 0x104F6BD83: <figment::value::ser::MapSerializer as serde_core::ser::SerializeStruct>::serialize_field (in ./target/release/opensovd-cda)
       n0: 58560 in 36 places, all below massif's threshold (1.00%)
     n1: 58560 0x104F6BD9B: <figment::value::ser::MapSerializer as serde_core::ser::SerializeStruct>::serialize_field (in ./target/release/opensovd-cda)
      n0: 58560 in 36 places, all below massif's threshold (1.00%)
     n0: 7680 in 4 places, all below massif's threshold (1.00%)
    n1: 170448 0x10576EFD7: <alloc::string::String as core::clone::Clone>::clone (in ./target/release/opensovd-cda)
     n0: 170448 in 136 places, all below massif's threshold (1.00%)
    n1: 90240 0x1050CD0D3: <toml::value::ValueSerializer as serde_core::ser::Serializer>::serialize_str (in ./target/release/opensovd-cda)
     n0: 90240 in 50 places, all below massif's threshold (1.00%)
    n1: 79200 0x1050FB3B3: <alloc::collections::btree::map::BTreeMap<K,V> as core::iter::traits::collect::FromIterator<(K,V)>>::from_iter (in ./target/release/opensovd-cda)
     n1: 79200 0x105106323: <figment::value::ser::MapSerializer as serde_core::ser::SerializeMap>::end (in ./target/release/opensovd-cda)
      n0: 79200 in 35 places, all below massif's threshold (1.00%)
    n1: 79200 0x1050FB65B: <alloc::collections::btree::map::BTreeMap<K,V> as core::iter::traits::collect::FromIterator<(K,V)>>::from_iter (in ./target/release/opensovd-cda)
     n1: 79200 0x10510635B: <figment::value::ser::MapSerializer as serde_core::ser::SerializeMap>::end (in ./target/release/opensovd-cda)
      n0: 79200 in 35 places, all below massif's threshold (1.00%)
    n1: 79200 0x1050FE07B: alloc::vec::in_place_collect::<impl alloc::vec::spec_from_iter::SpecFromIter<T,I> for alloc::vec::Vec<T>>::from_iter (in ./target/release/opensovd-cda)
     n1: 79200 0x1050FB37F: <alloc::collections::btree::map::BTreeMap<K,V> as core::iter::traits::collect::FromIterator<(K,V)>>::from_iter (in ./target/release/opensovd-cda)
      n1: 79200 0x105106323: <figment::value::ser::MapSerializer as serde_core::ser::SerializeMap>::end (in ./target/release/opensovd-cda)
       n0: 79200 in 35 places, all below massif's threshold (1.00%)
    n1: 79200 0x1050FE7B3: <alloc::vec::Vec<T> as alloc::vec::spec_from_iter::SpecFromIter<T,I>>::from_iter (in ./target/release/opensovd-cda)
     n1: 79200 0x1050FB627: <alloc::collections::btree::map::BTreeMap<K,V> as core::iter::traits::collect::FromIterator<(K,V)>>::from_iter (in ./target/release/opensovd-cda)
      n1: 79200 0x10510635B: <figment::value::ser::MapSerializer as serde_core::ser::SerializeMap>::end (in ./target/release/opensovd-cda)
       n0: 79200 in 35 places, all below massif's threshold (1.00%)
    n1: 79200 0x105100B8B: <core::iter::adapters::map::Map<I,F> as core::iter::traits::iterator::Iterator>::fold (in ./target/release/opensovd-cda)
     n1: 79200 0x1050FE80B: <alloc::vec::Vec<T> as alloc::vec::spec_from_iter::SpecFromIter<T,I>>::from_iter (in ./target/release/opensovd-cda)
      n1: 79200 0x1050FB627: <alloc::collections::btree::map::BTreeMap<K,V> as core::iter::traits::collect::FromIterator<(K,V)>>::from_iter (in ./target/release/opensovd-cda)
       n1: 79200 0x10510635B: <figment::value::ser::MapSerializer as serde_core::ser::SerializeMap>::end (in ./target/release/opensovd-cda)
        n0: 79200 in 35 places, all below massif's threshold (1.00%)
    n2: 79200 0x105105EFB: figment::value::ser::MapSerializer::new (in ./target/release/opensovd-cda)
     n1: 76320 0x10510675F: <figment::value::ser::ValueSerializer as serde_core::ser::Serializer>::serialize_struct (in ./target/release/opensovd-cda)
      n0: 76320 in 31 places, all below massif's threshold (1.00%)
     n0: 2880 in 1 place, below massif's threshold (1.00%)
    n2: 79200 0x105105F7B: figment::value::ser::MapSerializer::new (in ./target/release/opensovd-cda)
     n1: 76320 0x10510675F: <figment::value::ser::ValueSerializer as serde_core::ser::Serializer>::serialize_struct (in ./target/release/opensovd-cda)
      n0: 76320 in 31 places, all below massif's threshold (1.00%)
     n0: 2880 in 1 place, below massif's threshold (1.00%)
    n1: 63312 0x104EFD46B: <figment::value::de::ConfiguredValueDe<I> as serde_core::de::Deserializer>::deserialize_any (in ./target/release/opensovd-cda)
     n0: 63312 in 39 places, all below massif's threshold (1.00%)
    n1: 54240 0x1051067BF: <figment::value::ser::ValueSerializer as serde_core::ser::Serializer>::serialize_unit_variant (in ./target/release/opensovd-cda)
     n0: 54240 in 6 places, all below massif's threshold (1.00%)
   n0: 432 in 2 places, all below massif's threshold (1.00%)
 n1: 655360 0x1057983CF: alloc::raw_vec::RawVecInner<A>::finish_grow (in ./target/release/opensovd-cda)
  n1: 655360 0x105798347: alloc::raw_vec::RawVec<T,A>::grow_one (in ./target/release/opensovd-cda)
   n1: 655360 0x105080FE3: dhat::Globals::get_pp_info (in ./target/release/opensovd-cda)
    n2: 655360 0x105082F33: <dhat::Alloc as core::alloc::global::GlobalAlloc>::alloc (in ./target/release/opensovd-cda)
     n1: 655360 0x10576ED37: alloc::fmt::format::format_inner (in ./target/release/opensovd-cda)
      n1: 655360 0x1056404DB: cda_database::datatypes::comparam::lookup (in ./target/release/opensovd-cda)
       n1: 655360 0x104A322A3: cda_database::datatypes::DiagnosticDatabase::find_com_param (in ./target/release/opensovd-cda)
        n1: 655360 0x104CF5A03: cda_core::diag_kernel::ecumanager::EcuManager<S>::new_ecu_description (in ./target/release/opensovd-cda)
         n1: 655360 0x104CF8B6F: cda_core::diag_kernel::ecumanager::EcuManager<S>::new (in ./target/release/opensovd-cda)
          n1: 655360 0x104DC4F23: opensovd_cda_lib::mdd::load_single_mdd (in ./target/release/opensovd-cda)
           n1: 655360 0x104BEB623: opensovd_cda_lib::mdd::load_databases::{{closure}}::{{closure}} (in ./target/release/opensovd-cda)
            n1: 655360 0x104D397DF: opensovd_cda_lib::create_vehicle_components::{{closure}} (in ./target/release/opensovd-cda)
             n1: 655360 0x104D351AB: opensovd_cda_lib::setup_vehicle_and_routes::{{closure}} (in ./target/release/opensovd-cda)
              n1: 655360 0x104D331D7: opensovd_cda_lib::run_with_config_ext::{{closure}} (in ./target/release/opensovd-cda)
               n1: 655360 0x104D2F39F: opensovd_cda_lib::run_with_ext::{{closure}}::{{closure}} (in ./target/release/opensovd-cda)
                n1: 655360 0x104D5AFC3: <core::pin::Pin<P> as core::future::future::Future>::poll (in ./target/release/opensovd-cda)
                 n1: 655360 0x104A35597: opensovd_cda::main (in ./target/release/opensovd-cda)
                  n1: 655360 0x104C8DBAF: std::sys::backtrace::__rust_begin_short_backtrace (in ./target/release/opensovd-cda)
                   n1: 655360 0x104E1715B: std::rt::lang_start::{{closure}} (in ./target/release/opensovd-cda)
                    n1: 655360 0x1057575CB: std::rt::lang_start_internal (in ./target/release/opensovd-cda)
                     n0: 655360 0x104A9910B: main (in ./target/release/opensovd-cda)
     n0: 0 in 8 places, all below massif's threshold (1.00%)
 n3: 426905 0x105082E23: <dhat::Alloc as core::alloc::global::GlobalAlloc>::alloc (in ./target/release/opensovd-cda)
  n0: 270985 in 516 places, all below massif's threshold (1.00%)
  n2: 90384 0x105788563: alloc::raw_vec::RawVecInner<A>::finish_grow (in ./target/release/opensovd-cda)
   n2: 79200 0x104CB89AB: indexmap::map::IndexMap<K,V,S>::insert_full (in ./target/release/opensovd-cda)
    n1: 52800 0x104B001B3: std::thread::local::LocalKey<T>::with (in ./target/release/opensovd-cda)
     n1: 52800 0x104E8CB9F: aide::axum::ApiRouter<S>::api_route (in ./target/release/opensovd-cda)
      n1: 52800 0x104D5FA6F: cda_sovd::sovd::static_data::add_static_data_endpoint::{{closure}} (in ./target/release/opensovd-cda)
       n0: 52800 in 2 places, all below massif's threshold (1.00%)
    n0: 26400 in 1 place, below massif's threshold (1.00%)
   n0: 11184 in 9 places, all below massif's threshold (1.00%)
  n1: 65536 0x1056A4CCB: tokio_util::udp::frame::UdpFramed<C,T>::new (in ./target/release/opensovd-cda)
   n1: 65536 0x1056A1AB7: cda_comm_doip::socket::DoIPUdpSocket::new (in ./target/release/opensovd-cda)
    n1: 65536 0x10569F41F: cda_comm_doip::create_udp_vir_socket (in ./target/release/opensovd-cda)
     n1: 65536 0x104D34EB7: opensovd_cda_lib::setup_vehicle_and_routes::{{closure}} (in ./target/release/opensovd-cda)
      n1: 65536 0x104D331D7: opensovd_cda_lib::run_with_config_ext::{{closure}} (in ./target/release/opensovd-cda)
       n1: 65536 0x104D2F39F: opensovd_cda_lib::run_with_ext::{{closure}}::{{closure}} (in ./target/release/opensovd-cda)
        n1: 65536 0x104D5AFC3: <core::pin::Pin<P> as core::future::future::Future>::poll (in ./target/release/opensovd-cda)
         n1: 65536 0x104A35597: opensovd_cda::main (in ./target/release/opensovd-cda)
          n1: 65536 0x104C8DBAF: std::sys::backtrace::__rust_begin_short_backtrace (in ./target/release/opensovd-cda)
           n1: 65536 0x104E1715B: std::rt::lang_start::{{closure}} (in ./target/release/opensovd-cda)
            n1: 65536 0x1057575CB: std::rt::lang_start_internal (in ./target/release/opensovd-cda)
             n0: 65536 0x104A9910B: main (in ./target/release/opensovd-cda)
 n3: 325224 0x105083553: <dhat::Alloc as core::alloc::global::GlobalAlloc>::realloc (in ./target/release/opensovd-cda)
  n2: 262144 0x1057C159B: alloc::raw_vec::RawVecInner<A>::finish_grow (in ./target/release/opensovd-cda)
   n1: 262144 0x10563948B: std::io::default_read_to_end (in ./target/release/opensovd-cda)
    n1: 262144 0x1056031EF: cda_database::mdd_data::decompress_chunk_data (in ./target/release/opensovd-cda)
     n1: 262144 0x105617B1F: <core::iter::adapters::map::Map<I,F> as core::iter::traits::iterator::Iterator>::try_fold (in ./target/release/opensovd-cda)
      n1: 262144 0x10561DC2F: <alloc::vec::Vec<T> as alloc::vec::spec_from_iter::SpecFromIter<T,I>>::from_iter (in ./target/release/opensovd-cda)
       n1: 262144 0x1056410DF: core::iter::adapters::try_process (in ./target/release/opensovd-cda)
        n1: 262144 0x105617893: <core::iter::adapters::map::Map<I,F> as core::iter::traits::iterator::Iterator>::try_fold (in ./target/release/opensovd-cda)
         n1: 262144 0x105640FE7: core::iter::adapters::try_process (in ./target/release/opensovd-cda)
          n1: 262144 0x10560246B: cda_database::mdd_data::load_proto_data (in ./target/release/opensovd-cda)
           n1: 262144 0x104DC4083: opensovd_cda_lib::mdd::load_single_mdd (in ./target/release/opensovd-cda)
            n1: 262144 0x104BEB623: opensovd_cda_lib::mdd::load_databases::{{closure}}::{{closure}} (in ./target/release/opensovd-cda)
             n1: 262144 0x104D397DF: opensovd_cda_lib::create_vehicle_components::{{closure}} (in ./target/release/opensovd-cda)
              n1: 262144 0x104D351AB: opensovd_cda_lib::setup_vehicle_and_routes::{{closure}} (in ./target/release/opensovd-cda)
               n1: 262144 0x104D331D7: opensovd_cda_lib::run_with_config_ext::{{closure}} (in ./target/release/opensovd-cda)
                n1: 262144 0x104D2F39F: opensovd_cda_lib::run_with_ext::{{closure}}::{{closure}} (in ./target/release/opensovd-cda)
                 n1: 262144 0x104D5AFC3: <core::pin::Pin<P> as core::future::future::Future>::poll (in ./target/release/opensovd-cda)
                  n1: 262144 0x104A35597: opensovd_cda::main (in ./target/release/opensovd-cda)
                   n1: 262144 0x104C8DBAF: std::sys::backtrace::__rust_begin_short_backtrace (in ./target/release/opensovd-cda)
                    n1: 262144 0x104E1715B: std::rt::lang_start::{{closure}} (in ./target/release/opensovd-cda)
                     n1: 262144 0x1057575CB: std::rt::lang_start_internal (in ./target/release/opensovd-cda)
                      n0: 262144 0x104A9910B: main (in ./target/release/opensovd-cda)
   n0: 0 in 1 place, below massif's threshold (1.00%)
  n1: 61600 0x105788547: alloc::raw_vec::RawVecInner<A>::finish_grow (in ./target/release/opensovd-cda)
   n1: 61600 0x104CBAB27: indexmap::map::core::IndexMapCore<K,V>::push_entry (in ./target/release/opensovd-cda)
    n1: 61600 0x104CBAFAF: indexmap::map::core::entry::Entry<K,V>::or_insert (in ./target/release/opensovd-cda)
     n1: 61600 0x104D6A103: <core::iter::adapters::rev::Rev<I> as core::iter::traits::iterator::Iterator>::fold (in ./target/release/opensovd-cda)
      n1: 61600 0x104D5ED87: cda_sovd::dynamic_router::DynamicRouter::recompose::{{closure}} (in ./target/release/opensovd-cda)
       n1: 61600 0x104D5E47F: cda_sovd::dynamic_router::DynamicRouter::add_routes::{{closure}} (in ./target/release/opensovd-cda)
        n1: 61600 0x104D5FABF: cda_sovd::sovd::static_data::add_static_data_endpoint::{{closure}} (in ./target/release/opensovd-cda)
         n1: 61600 0x104D32FBF: opensovd_cda_lib::run_with_config_ext::{{closure}} (in ./target/release/opensovd-cda)
          n1: 61600 0x104D2F39F: opensovd_cda_lib::run_with_ext::{{closure}}::{{closure}} (in ./target/release/opensovd-cda)
           n1: 61600 0x104D5AFC3: <core::pin::Pin<P> as core::future::future::Future>::poll (in ./target/release/opensovd-cda)
            n1: 61600 0x104A35597: opensovd_cda::main (in ./target/release/opensovd-cda)
             n1: 61600 0x104C8DBAF: std::sys::backtrace::__rust_begin_short_backtrace (in ./target/release/opensovd-cda)
              n1: 61600 0x104E1715B: std::rt::lang_start::{{closure}} (in ./target/release/opensovd-cda)
               n1: 61600 0x1057575CB: std::rt::lang_start_internal (in ./target/release/opensovd-cda)
                n0: 61600 0x104A9910B: main (in ./target/release/opensovd-cda)
  n0: 1480 in 11 places, all below massif's threshold (1.00%)
 n1: 204808 0x105797E8B: hashbrown::raw::RawTable<T,A>::reserve_rehash (in ./target/release/opensovd-cda)
  n1: 204808 0x10508AFF7: hashbrown::rustc_entry::<impl hashbrown::map::HashMap<K,V,S,A>>::rustc_entry (in ./target/release/opensovd-cda)
   n1: 204808 0x105080FBB: dhat::Globals::get_pp_info (in ./target/release/opensovd-cda)
    n2: 204808 0x105082F33: <dhat::Alloc as core::alloc::global::GlobalAlloc>::alloc (in ./target/release/opensovd-cda)
     n2: 204808 0x105106663: <figment::value::ser::ValueSerializer as serde_core::ser::Serializer>::serialize_str (in ./target/release/opensovd-cda)
      n2: 204808 0x104F669AB: <figment::value::ser::MapSerializer as serde_core::ser::SerializeMap>::serialize_key (in ./target/release/opensovd-cda)
       n1: 204808 0x104F6EF23: serde_core::ser::impls::<impl serde_core::ser::Serialize for core::time::Duration>::serialize (in ./target/release/opensovd-cda)
        n2: 204808 0x104F6A7E3: <figment::value::ser::MapSerializer as serde_core::ser::SerializeStruct>::serialize_field (in ./target/release/opensovd-cda)
         n1: 204808 0x104F53043: cda_interfaces::datatypes::com_params::_::<impl serde_core::ser::Serialize for cda_interfaces::datatypes::com_params::ComParams>::serialize (in ./target/release/opensovd-cda)
          n1: 204808 0x1050268DB: <figment::providers::serialized::Serialized<T> as figment::provider::Provider>::data (in ./target/release/opensovd-cda)
           n1: 204808 0x105036ACF: figment::figment::Figment::provide (in ./target/release/opensovd-cda)
            n1: 204808 0x10504EE23: opensovd_cda_lib::config::com_params::resolve_com_params (in ./target/release/opensovd-cda)
             n1: 204808 0x104DC4DCF: opensovd_cda_lib::mdd::load_single_mdd (in ./target/release/opensovd-cda)
              n1: 204808 0x104BEB623: opensovd_cda_lib::mdd::load_databases::{{closure}}::{{closure}} (in ./target/release/opensovd-cda)
               n1: 204808 0x104D397DF: opensovd_cda_lib::create_vehicle_components::{{closure}} (in ./target/release/opensovd-cda)
                n1: 204808 0x104D351AB: opensovd_cda_lib::setup_vehicle_and_routes::{{closure}} (in ./target/release/opensovd-cda)
                 n1: 204808 0x104D331D7: opensovd_cda_lib::run_with_config_ext::{{closure}} (in ./target/release/opensovd-cda)
                  n1: 204808 0x104D2F39F: opensovd_cda_lib::run_with_ext::{{closure}}::{{closure}} (in ./target/release/opensovd-cda)
                   n1: 204808 0x104D5AFC3: <core::pin::Pin<P> as core::future::future::Future>::poll (in ./target/release/opensovd-cda)
                    n1: 204808 0x104A35597: opensovd_cda::main (in ./target/release/opensovd-cda)
                     n1: 204808 0x104C8DBAF: std::sys::backtrace::__rust_begin_short_backtrace (in ./target/release/opensovd-cda)
                      n1: 204808 0x104E1715B: std::rt::lang_start::{{closure}} (in ./target/release/opensovd-cda)
                       n1: 204808 0x1057575CB: std::rt::lang_start_internal (in ./target/release/opensovd-cda)
                        n0: 204808 0x104A9910B: main (in ./target/release/opensovd-cda)
         n0: 0 in 1 place, below massif's threshold (1.00%)
       n0: 0 in 1 place, below massif's threshold (1.00%)
      n0: 0 in 1 place, below massif's threshold (1.00%)
     n0: 0 in 5 places, all below massif's threshold (1.00%)
 n1: 135176 0x1057970CB: hashbrown::raw::RawTable<T,A>::reserve_rehash (in ./target/release/opensovd-cda)
  n1: 135176 0x10508B657: hashbrown::map::HashMap<K,V,S,A>::insert (in ./target/release/opensovd-cda)
   n2: 135176 0x105082F73: <dhat::Alloc as core::alloc::global::GlobalAlloc>::alloc (in ./target/release/opensovd-cda)
    n1: 135176 0x105100B8B: <core::iter::adapters::map::Map<I,F> as core::iter::traits::iterator::Iterator>::fold (in ./target/release/opensovd-cda)
     n1: 135176 0x1050FE80B: <alloc::vec::Vec<T> as alloc::vec::spec_from_iter::SpecFromIter<T,I>>::from_iter (in ./target/release/opensovd-cda)
      n1: 135176 0x1050FB627: <alloc::collections::btree::map::BTreeMap<K,V> as core::iter::traits::collect::FromIterator<(K,V)>>::from_iter (in ./target/release/opensovd-cda)
       n1: 135176 0x10510635B: <figment::value::ser::MapSerializer as serde_core::ser::SerializeMap>::end (in ./target/release/opensovd-cda)
        n1: 135176 0x104F6A88F: <figment::value::ser::MapSerializer as serde_core::ser::SerializeStruct>::serialize_field (in ./target/release/opensovd-cda)
         n1: 135176 0x104F5341B: cda_interfaces::datatypes::com_params::_::<impl serde_core::ser::Serialize for cda_interfaces::datatypes::com_params::ComParams>::serialize (in ./target/release/opensovd-cda)
          n1: 135176 0x1050268DB: <figment::providers::serialized::Serialized<T> as figment::provider::Provider>::data (in ./target/release/opensovd-cda)
           n1: 135176 0x105036ACF: figment::figment::Figment::provide (in ./target/release/opensovd-cda)
            n1: 135176 0x10504EE23: opensovd_cda_lib::config::com_params::resolve_com_params (in ./target/release/opensovd-cda)
             n1: 135176 0x104DC4DCF: opensovd_cda_lib::mdd::load_single_mdd (in ./target/release/opensovd-cda)
              n1: 135176 0x104BEB623: opensovd_cda_lib::mdd::load_databases::{{closure}}::{{closure}} (in ./target/release/opensovd-cda)
               n1: 135176 0x104D397DF: opensovd_cda_lib::create_vehicle_components::{{closure}} (in ./target/release/opensovd-cda)
                n1: 135176 0x104D351AB: opensovd_cda_lib::setup_vehicle_and_routes::{{closure}} (in ./target/release/opensovd-cda)
                 n1: 135176 0x104D331D7: opensovd_cda_lib::run_with_config_ext::{{closure}} (in ./target/release/opensovd-cda)
                  n1: 135176 0x104D2F39F: opensovd_cda_lib::run_with_ext::{{closure}}::{{closure}} (in ./target/release/opensovd-cda)
                   n1: 135176 0x104D5AFC3: <core::pin::Pin<P> as core::future::future::Future>::poll (in ./target/release/opensovd-cda)
                    n1: 135176 0x104A35597: opensovd_cda::main (in ./target/release/opensovd-cda)
                     n1: 135176 0x104C8DBAF: std::sys::backtrace::__rust_begin_short_backtrace (in ./target/release/opensovd-cda)
                      n1: 135176 0x104E1715B: std::rt::lang_start::{{closure}} (in ./target/release/opensovd-cda)
                       n1: 135176 0x1057575CB: std::rt::lang_start_internal (in ./target/release/opensovd-cda)
                        n0: 135176 0x104A9910B: main (in ./target/release/opensovd-cda)
    n0: 0 in 6 places, all below massif's threshold (1.00%)
 n0: 107731 in 93 places, all below massif's threshold (1.00%)
 n1: 54912 0x105798A8B: alloc::raw_vec::RawVecInner<A>::finish_grow (in ./target/release/opensovd-cda)
  n1: 54912 0x1057985F3: alloc::raw_vec::RawVec<T,A>::grow_one (in ./target/release/opensovd-cda)
   n1: 54912 0x10508BD43: dhat::new_backtrace_inner::{{closure}} (in ./target/release/opensovd-cda)
    n1: 54912 0x10509E6AB: backtrace::backtrace::libunwind::trace::trace_fn (in ./target/release/opensovd-cda)
     n1: 54912 0x196E37BB7: _Unwind_Backtrace (in /usr/lib/system/libunwind.dylib)
      n1: 54912 0x10508BDF3: backtrace::backtrace::trace (in ./target/release/opensovd-cda)
       n2: 54912 0x1050809F7: dhat::new_backtrace_inner (in ./target/release/opensovd-cda)
        n1: 54912 0x105082F17: <dhat::Alloc as core::alloc::global::GlobalAlloc>::alloc (in ./target/release/opensovd-cda)
         n0: 54912 in 485 places, all below massif's threshold (1.00%)
        n0: 0 in 2 places, all below massif's threshold (1.00%)
#-----------
snapshot=4
#-----------
time=2163838185
mem_heap_B=5471586
mem_heap_extra_B=2031934
mem_stacks_B=0
heap_tree=empty
#-----------
snapshot=5
#-----------
time=2533543996
mem_heap_B=7762289
mem_heap_extra_B=2725903
mem_stacks_B=0
heap_tree=detailed
n7: 7762289 (heap allocation functions) malloc/new/new[], --alloc-fns, etc.
 n1: 4261680 0x1050A4D3B: alloc::vec::Vec<T,A>::into_boxed_slice (in ./target/release/opensovd-cda)
  n2: 4261680 0x105080A0F: dhat::new_backtrace_inner (in ./target/release/opensovd-cda)
   n6: 4261248 0x105082F17: <dhat::Alloc as core::alloc::global::GlobalAlloc>::alloc (in ./target/release/opensovd-cda)
    n0: 3135024 in 1000 places, all below massif's threshold (1.00%)
    n2: 326400 0x105106663: <figment::value::ser::ValueSerializer as serde_core::ser::Serializer>::serialize_str (in ./target/release/opensovd-cda)
     n1: 260160 0x104F669AB: <figment::value::ser::MapSerializer as serde_core::ser::SerializeMap>::serialize_key (in ./target/release/opensovd-cda)
      n0: 260160 in 75 places, all below massif's threshold (1.00%)
     n0: 66240 in 5 places, all below massif's threshold (1.00%)
    n1: 266400 0x1056F5053: alloc::collections::btree::map::entry::VacantEntry<K,V,A>::insert_entry (in ./target/release/opensovd-cda)
     n1: 266400 0x1056ECCC7: alloc::collections::btree::map::BTreeMap<K,V,A>::insert (in ./target/release/opensovd-cda)
      n0: 266400 in 19 places, all below massif's threshold (1.00%)
    n1: 206832 0x10576EFD7: <alloc::string::String as core::clone::Clone>::clone (in ./target/release/opensovd-cda)
     n0: 206832 in 156 places, all below massif's threshold (1.00%)
    n1: 184032 0x10576ED37: alloc::fmt::format::format_inner (in ./target/release/opensovd-cda)
     n0: 184032 in 82 places, all below massif's threshold (1.00%)
    n1: 142560 0x1056F5B07: serde_json::map::Map<alloc::string::String,serde_json::value::Value>::entry (in ./target/release/opensovd-cda)
     n0: 142560 in 5 places, all below massif's threshold (1.00%)
   n0: 432 in 2 places, all below massif's threshold (1.00%)
 n1: 1310720 0x1057983CF: alloc::raw_vec::RawVecInner<A>::finish_grow (in ./target/release/opensovd-cda)
  n1: 1310720 0x105798347: alloc::raw_vec::RawVec<T,A>::grow_one (in ./target/release/opensovd-cda)
   n1: 1310720 0x105080FE3: dhat::Globals::get_pp_info (in ./target/release/opensovd-cda)
    n2: 1310720 0x105082F33: <dhat::Alloc as core::alloc::global::GlobalAlloc>::alloc (in ./target/release/opensovd-cda)
     n1: 1310720 0x10553E30B: aide::openapi::reference::_::<impl schemars::JsonSchema for aide::openapi::reference::ReferenceOr<T>>::json_schema (in ./target/release/opensovd-cda)
      n1: 1310720 0x105523A7F: schemars::generate::SchemaGenerator::subschema_for (in ./target/release/opensovd-cda)
       n1: 1310720 0x105510ABF: schemars::json_schema_impls::maps::<impl schemars::JsonSchema for alloc::collections::btree::map::BTreeMap<K,V>>::json_schema (in ./target/release/opensovd-cda)
        n1: 1310720 0x10551DCB3: schemars::generate::SchemaGenerator::subschema_for (in ./target/release/opensovd-cda)
         n1: 1310720 0x10553500F: aide::openapi::responses::_::<impl schemars::JsonSchema for aide::openapi::responses::Response>::json_schema (in ./target/release/opensovd-cda)
          n1: 1310720 0x10551BFE7: schemars::generate::SchemaGenerator::subschema_for (in ./target/release/opensovd-cda)
           n1: 1310720 0x10553C863: aide::openapi::reference::_::<impl schemars::JsonSchema for aide::openapi::reference::ReferenceOr<T>>::json_schema (in ./target/release/opensovd-cda)
            n1: 1310720 0x10552B24F: schemars::generate::SchemaGenerator::subschema_for (in ./target/release/opensovd-cda)
             n1: 1310720 0x105526C4F: schemars::generate::SchemaGenerator::subschema_for (in ./target/release/opensovd-cda)
              n1: 1310720 0x1055352CF: aide::openapi::responses::_::<impl schemars::JsonSchema for aide::openapi::responses::Responses>::json_schema (in ./target/release/opensovd-cda)
               n1: 1310720 0x105525A1B: schemars::generate::SchemaGenerator::subschema_for (in ./target/release/opensovd-cda)
                n1: 1310720 0x1055255A3: schemars::generate::SchemaGenerator::subschema_for (in ./target/release/opensovd-cda)
                 n1: 1310720 0x105534A4B: aide::openapi::operation::_::<impl schemars::JsonSchema for aide::openapi::operation::Operation>::json_schema (in ./target/release/opensovd-cda)
                  n1: 1310720 0x1055269BF: schemars::generate::SchemaGenerator::subschema_for (in ./target/release/opensovd-cda)
                   n1: 1310720 0x105521B53: schemars::generate::SchemaGenerator::subschema_for (in ./target/release/opensovd-cda)
                    n1: 1310720 0x10554D6DB: aide::openapi::paths::_::<impl schemars::JsonSchema for aide::openapi::paths::PathItem>::json_schema (in ./target/release/opensovd-cda)
                     n1: 1310720 0x10551DA23: schemars::generate::SchemaGenerator::subschema_for (in ./target/release/opensovd-cda)
                      n1: 1310720 0x10553F0DB: aide::openapi::reference::_::<impl schemars::JsonSchema for aide::openapi::reference::ReferenceOr<T>>::json_schema (in ./target/release/opensovd-cda)
                       n1: 1310720 0x105525E1B: schemars::generate::SchemaGenerator::subschema_for (in ./target/release/opensovd-cda)
                        n1: 1310720 0x105513B37: schemars::json_schema_impls::maps::<impl schemars::JsonSchema for alloc::collections::btree::map::BTreeMap<K,V>>::json_schema (in ./target/release/opensovd-cda)
                         n1: 1310720 0x10554D3C7: aide::openapi::paths::_::<impl schemars::JsonSchema for aide::openapi::paths::Paths>::json_schema (in ./target/release/opensovd-cda)
                          n1: 1310720 0x1055211C7: schemars::generate::SchemaGenerator::subschema_for (in ./target/release/opensovd-cda)
                           n1: 1310720 0x10552091F: schemars::generate::SchemaGenerator::subschema_for (in ./target/release/opensovd-cda)
                            n1: 1310720 0x10553437B: aide::openapi::openapi::_::<impl schemars::JsonSchema for aide::openapi::openapi::OpenApi>::json_schema (in ./target/release/opensovd-cda)
                             n1: 1310720 0x105349F73: schemars::generate::SchemaGenerator::json_schema_internal (in ./target/release/opensovd-cda)
                              n0: 1310720 0x10533D56F: schemars::generate::SchemaGenerator::subschema_for (in ./target/release/opensovd-cda)
     n0: 0 in 9 places, all below massif's threshold (1.00%)
 n3: 974938 0x105082E23: <dhat::Alloc as core::alloc::global::GlobalAlloc>::alloc (in ./target/release/opensovd-cda)
  n0: 601562 in 1069 places, all below massif's threshold (1.00%)
  n1: 256592 0x1056F5053: alloc::collections::btree::map::entry::VacantEntry<K,V,A>::insert_entry (in ./target/release/opensovd-cda)
   n1: 256592 0x1056ECCC7: alloc::collections::btree::map::BTreeMap<K,V,A>::insert (in ./target/release/opensovd-cda)
    n0: 256592 in 19 places, all below massif's threshold (1.00%)
  n2: 116784 0x105788563: alloc::raw_vec::RawVecInner<A>::finish_grow (in ./target/release/opensovd-cda)
   n1: 105600 0x104CB89AB: indexmap::map::IndexMap<K,V,S>::insert_full (in ./target/release/opensovd-cda)
    n0: 105600 in 4 places, all below massif's threshold (1.00%)
   n0: 11184 in 9 places, all below massif's threshold (1.00%)
 n1: 409608 0x105797E8B: hashbrown::raw::RawTable<T,A>::reserve_rehash (in ./target/release/opensovd-cda)
  n1: 409608 0x10508AFF7: hashbrown::rustc_entry::<impl hashbrown::map::HashMap<K,V,S,A>>::rustc_entry (in ./target/release/opensovd-cda)
   n1: 409608 0x105080FBB: dhat::Globals::get_pp_info (in ./target/release/opensovd-cda)
    n2: 409608 0x105082F33: <dhat::Alloc as core::alloc::global::GlobalAlloc>::alloc (in ./target/release/opensovd-cda)
     n1: 409608 0x10576ED37: alloc::fmt::format::format_inner (in ./target/release/opensovd-cda)
      n1: 409608 0x1056EB323: schemars::generate::SchemaGenerator::subschema_for::find_ref (in ./target/release/opensovd-cda)
       n1: 409608 0x1055281B7: schemars::generate::SchemaGenerator::subschema_for (in ./target/release/opensovd-cda)
        n1: 409608 0x10550F283: schemars::json_schema_impls::maps::<impl schemars::JsonSchema for alloc::collections::btree::map::BTreeMap<K,V>>::json_schema (in ./target/release/opensovd-cda)
         n1: 409608 0x10552C14F: schemars::generate::SchemaGenerator::subschema_for (in ./target/release/opensovd-cda)
          n1: 409608 0x1055523CB: aide::openapi::parameter::_::<impl schemars::JsonSchema for aide::openapi::parameter::ParameterSchemaOrContent>::json_schema (in ./target/release/opensovd-cda)
           n1: 409608 0x105551D4B: aide::openapi::header::_::<impl schemars::JsonSchema for aide::openapi::header::Header>::json_schema (in ./target/release/opensovd-cda)
            n1: 409608 0x105521FCB: schemars::generate::SchemaGenerator::subschema_for (in ./target/release/opensovd-cda)
             n1: 409608 0x10553D3F3: aide::openapi::reference::_::<impl schemars::JsonSchema for aide::openapi::reference::ReferenceOr<T>>::json_schema (in ./target/release/opensovd-cda)
              n1: 409608 0x1055289C7: schemars::generate::SchemaGenerator::subschema_for (in ./target/release/opensovd-cda)
               n1: 409608 0x105512B0F: schemars::json_schema_impls::maps::<impl schemars::JsonSchema for alloc::collections::btree::map::BTreeMap<K,V>>::json_schema (in ./target/release/opensovd-cda)
                n1: 409608 0x10551FE43: schemars::generate::SchemaGenerator::subschema_for (in ./target/release/opensovd-cda)
                 n1: 409608 0x1055316DF: aide::openapi::encoding::_::<impl schemars::JsonSchema for aide::openapi::encoding::Encoding>::json_schema (in ./target/release/opensovd-cda)
                  n1: 409608 0x105527507: schemars::generate::SchemaGenerator::subschema_for (in ./target/release/opensovd-cda)
                   n1: 409608 0x105511AE7: schemars::json_schema_impls::maps::<impl schemars::JsonSchema for alloc::collections::btree::map::BTreeMap<K,V>>::json_schema (in ./target/release/opensovd-cda)
                    n1: 409608 0x105527A53: schemars::generate::SchemaGenerator::subschema_for (in ./target/release/opensovd-cda)
                     n1: 409608 0x10555146B: aide::openapi::media_type::_::<impl schemars::JsonSchema for aide::openapi::media_type::MediaType>::json_schema (in ./target/release/opensovd-cda)
                      n1: 409608 0x10552830B: schemars::generate::SchemaGenerator::subschema_for (in ./target/release/opensovd-cda)
                       n1: 409608 0x10550F283: schemars::json_schema_impls::maps::<impl schemars::JsonSchema for alloc::collections::btree::map::BTreeMap<K,V>>::json_schema (in ./target/release/opensovd-cda)
                        n1: 409608 0x10552C14F: schemars::generate::SchemaGenerator::subschema_for (in ./target/release/opensovd-cda)
                         n1: 409608 0x1055523CB: aide::openapi::parameter::_::<impl schemars::JsonSchema for aide::openapi::parameter::ParameterSchemaOrContent>::json_schema (in ./target/release/opensovd-cda)
                          n1: 409608 0x105553F93: aide::openapi::parameter::_::<impl schemars::JsonSchema for aide::openapi::parameter::ParameterData>::json_schema (in ./target/release/opensovd-cda)
                           n1: 409608 0x10555269B: aide::openapi::parameter::_::<impl schemars::JsonSchema for aide::openapi::parameter::Parameter>::json_schema (in ./target/release/opensovd-cda)
                            n1: 409608 0x10552BEBF: schemars::generate::SchemaGenerator::subschema_for (in ./target/release/opensovd-cda)
                             n1: 409608 0x10553DF83: aide::openapi::reference::_::<impl schemars::JsonSchema for aide::openapi::reference::ReferenceOr<T>>::json_schema (in ./target/release/opensovd-cda)
                              n0: 409608 0x1055223CB: schemars::generate::SchemaGenerator::subschema_for (in ./target/release/opensovd-cda)
     n0: 0 in 6 places, all below massif's threshold (1.00%)
 n3: 351364 0x105083553: <dhat::Alloc as core::alloc::global::GlobalAlloc>::realloc (in ./target/release/opensovd-cda)
  n2: 212992 0x1057C159B: alloc::raw_vec::RawVecInner<A>::finish_grow (in ./target/release/opensovd-cda)
   n1: 212992 0x10563948B: std::io::default_read_to_end (in ./target/release/opensovd-cda)
    n1: 212992 0x1056031EF: cda_database::mdd_data::decompress_chunk_data (in ./target/release/opensovd-cda)
     n1: 212992 0x105617B1F: <core::iter::adapters::map::Map<I,F> as core::iter::traits::iterator::Iterator>::try_fold (in ./target/release/opensovd-cda)
      n1: 212992 0x10561DC2F: <alloc::vec::Vec<T> as alloc::vec::spec_from_iter::SpecFromIter<T,I>>::from_iter (in ./target/release/opensovd-cda)
       n1: 212992 0x1056410DF: core::iter::adapters::try_process (in ./target/release/opensovd-cda)
        n1: 212992 0x105617893: <core::iter::adapters::map::Map<I,F> as core::iter::traits::iterator::Iterator>::try_fold (in ./target/release/opensovd-cda)
         n1: 212992 0x105640FE7: core::iter::adapters::try_process (in ./target/release/opensovd-cda)
          n1: 212992 0x10560246B: cda_database::mdd_data::load_proto_data (in ./target/release/opensovd-cda)
           n1: 212992 0x104DC4083: opensovd_cda_lib::mdd::load_single_mdd (in ./target/release/opensovd-cda)
            n1: 212992 0x104BEB623: opensovd_cda_lib::mdd::load_databases::{{closure}}::{{closure}} (in ./target/release/opensovd-cda)
             n1: 212992 0x104D397DF: opensovd_cda_lib::create_vehicle_components::{{closure}} (in ./target/release/opensovd-cda)
              n1: 212992 0x104D351AB: opensovd_cda_lib::setup_vehicle_and_routes::{{closure}} (in ./target/release/opensovd-cda)
               n1: 212992 0x104D331D7: opensovd_cda_lib::run_with_config_ext::{{closure}} (in ./target/release/opensovd-cda)
                n1: 212992 0x104D2F39F: opensovd_cda_lib::run_with_ext::{{closure}}::{{closure}} (in ./target/release/opensovd-cda)
                 n1: 212992 0x104D5AFC3: <core::pin::Pin<P> as core::future::future::Future>::poll (in ./target/release/opensovd-cda)
                  n1: 212992 0x104A35597: opensovd_cda::main (in ./target/release/opensovd-cda)
                   n1: 212992 0x104C8DBAF: std::sys::backtrace::__rust_begin_short_backtrace (in ./target/release/opensovd-cda)
                    n1: 212992 0x104E1715B: std::rt::lang_start::{{closure}} (in ./target/release/opensovd-cda)
                     n1: 212992 0x1057575CB: std::rt::lang_start_internal (in ./target/release/opensovd-cda)
                      n0: 212992 0x104A9910B: main (in ./target/release/opensovd-cda)
   n0: 0 in 1 place, below massif's threshold (1.00%)
  n1: 123200 0x105788547: alloc::raw_vec::RawVecInner<A>::finish_grow (in ./target/release/opensovd-cda)
   n0: 123200 in 2 places, all below massif's threshold (1.00%)
  n0: 15172 in 13 places, all below massif's threshold (1.00%)
 n1: 270344 0x1057970CB: hashbrown::raw::RawTable<T,A>::reserve_rehash (in ./target/release/opensovd-cda)
  n1: 270344 0x10508B657: hashbrown::map::HashMap<K,V,S,A>::insert (in ./target/release/opensovd-cda)
   n2: 270344 0x105082F73: <dhat::Alloc as core::alloc::global::GlobalAlloc>::alloc (in ./target/release/opensovd-cda)
    n1: 270344 0x105554FBB: schemars::_private::insert_metadata_property_if_nonempty (in ./target/release/opensovd-cda)
     n1: 270344 0x105553F13: aide::openapi::parameter::_::<impl schemars::JsonSchema for aide::openapi::parameter::ParameterData>::json_schema (in ./target/release/opensovd-cda)
      n1: 270344 0x10555298F: aide::openapi::parameter::_::<impl schemars::JsonSchema for aide::openapi::parameter::Parameter>::json_schema (in ./target/release/opensovd-cda)
       n1: 270344 0x10552BEBF: schemars::generate::SchemaGenerator::subschema_for (in ./target/release/opensovd-cda)
        n1: 270344 0x10553DF83: aide::openapi::reference::_::<impl schemars::JsonSchema for aide::openapi::reference::ReferenceOr<T>>::json_schema (in ./target/release/opensovd-cda)
         n1: 270344 0x1055223CB: schemars::generate::SchemaGenerator::subschema_for (in ./target/release/opensovd-cda)
          n1: 270344 0x10553ADE3: schemars::json_schema_impls::sequences::<impl schemars::JsonSchema for alloc::vec::Vec<T>>::json_schema (in ./target/release/opensovd-cda)
           n1: 270344 0x1055230DB: schemars::generate::SchemaGenerator::subschema_for (in ./target/release/opensovd-cda)
            n1: 270344 0x105534997: aide::openapi::operation::_::<impl schemars::JsonSchema for aide::openapi::operation::Operation>::json_schema (in ./target/release/opensovd-cda)
             n1: 270344 0x1055269BF: schemars::generate::SchemaGenerator::subschema_for (in ./target/release/opensovd-cda)
              n1: 270344 0x105521B53: schemars::generate::SchemaGenerator::subschema_for (in ./target/release/opensovd-cda)
               n1: 270344 0x10554D6DB: aide::openapi::paths::_::<impl schemars::JsonSchema for aide::openapi::paths::PathItem>::json_schema (in ./target/release/opensovd-cda)
                n1: 270344 0x10551DA23: schemars::generate::SchemaGenerator::subschema_for (in ./target/release/opensovd-cda)
                 n1: 270344 0x10553F0DB: aide::openapi::reference::_::<impl schemars::JsonSchema for aide::openapi::reference::ReferenceOr<T>>::json_schema (in ./target/release/opensovd-cda)
                  n1: 270344 0x105525E1B: schemars::generate::SchemaGenerator::subschema_for (in ./target/release/opensovd-cda)
                   n1: 270344 0x105513B37: schemars::json_schema_impls::maps::<impl schemars::JsonSchema for alloc::collections::btree::map::BTreeMap<K,V>>::json_schema (in ./target/release/opensovd-cda)
                    n1: 270344 0x10554D3C7: aide::openapi::paths::_::<impl schemars::JsonSchema for aide::openapi::paths::Paths>::json_schema (in ./target/release/opensovd-cda)
                     n1: 270344 0x1055211C7: schemars::generate::SchemaGenerator::subschema_for (in ./target/release/opensovd-cda)
                      n1: 270344 0x10552091F: schemars::generate::SchemaGenerator::subschema_for (in ./target/release/opensovd-cda)
                       n1: 270344 0x10553437B: aide::openapi::openapi::_::<impl schemars::JsonSchema for aide::openapi::openapi::OpenApi>::json_schema (in ./target/release/opensovd-cda)
                        n1: 270344 0x105349F73: schemars::generate::SchemaGenerator::json_schema_internal (in ./target/release/opensovd-cda)
                         n1: 270344 0x10533D56F: schemars::generate::SchemaGenerator::subschema_for (in ./target/release/opensovd-cda)
                          n1: 270344 0x10537B0D3: aide::axum::outputs::<impl aide::operation::OperationOutput for axum::json::Json<T>>::operation_response (in ./target/release/opensovd-cda)
                           n1: 270344 0x1052C297F: std::thread::local::LocalKey<T>::with (in ./target/release/opensovd-cda)
                            n1: 270344 0x1052DA3F7: aide::transform::TransformOperation::response_with (in ./target/release/opensovd-cda)
                             n1: 270344 0x10531340F: cda_sovd::sovd::components::ecu::configurations::diag_service::docs_endpoint::docs_transform (in ./target/release/opensovd-cda)
                              n0: 270344 0x104D8D427: aide::axum::routing::get_with (in ./target/release/opensovd-cda)
    n0: 0 in 7 places, all below massif's threshold (1.00%)
 n0: 183635 in 94 places, all below massif's threshold (1.00%)
#-----------
snapshot=6
#-----------
time=3218575376
mem_heap_B=9408141
mem_heap_extra_B=3555227
mem_stacks_B=0
heap_tree=empty
#-----------
snapshot=7
#-----------
time=3651268515
mem_heap_B=12132570
mem_heap_extra_B=4328750
mem_stacks_B=0
heap_tree=detailed
n7: 12132570 (heap allocation functions) malloc/new/new[], --alloc-fns, etc.
 n1: 6762288 0x1050A4D3B: alloc::vec::Vec<T,A>::into_boxed_slice (in ./target/release/opensovd-cda)
  n2: 6762288 0x105080A0F: dhat::new_backtrace_inner (in ./target/release/opensovd-cda)
   n8: 6761856 0x105082F17: <dhat::Alloc as core::alloc::global::GlobalAlloc>::alloc (in ./target/release/opensovd-cda)
    n0: 4606272 in 1338 places, all below massif's threshold (1.00%)
    n1: 498240 0x1056F5053: alloc::collections::btree::map::entry::VacantEntry<K,V,A>::insert_entry (in ./target/release/opensovd-cda)
     n1: 498240 0x1056ECCC7: alloc::collections::btree::map::BTreeMap<K,V,A>::insert (in ./target/release/opensovd-cda)
      n0: 498240 in 26 places, all below massif's threshold (1.00%)
    n1: 370560 0x10576ED37: alloc::fmt::format::format_inner (in ./target/release/opensovd-cda)
     n0: 370560 in 124 places, all below massif's threshold (1.00%)
    n2: 326400 0x105106663: <figment::value::ser::ValueSerializer as serde_core::ser::Serializer>::serialize_str (in ./target/release/opensovd-cda)
     n1: 260160 0x104F669AB: <figment::value::ser::MapSerializer as serde_core::ser::SerializeMap>::serialize_key (in ./target/release/opensovd-cda)
      n0: 260160 in 75 places, all below massif's threshold (1.00%)
     n0: 66240 in 5 places, all below massif's threshold (1.00%)
    n1: 277872 0x10503150B: tracing_subscriber::registry::extensions::ExtensionsMut::insert (in ./target/release/opensovd-cda)
     n1: 277872 0x104F74E13: <tracing_subscriber::fmt::fmt_layer::Layer<S,N,E,W> as tracing_subscriber::layer::Layer<S>>::on_new_span (in ./target/release/opensovd-cda)
      n1: 277872 0x10502E263: <tracing_subscriber::layer::layered::Layered<L,S> as tracing_core::subscriber::Subscriber>::new_span (in ./target/release/opensovd-cda)
       n1: 277872 0x1056DD957: tracing::span::Span::new (in ./target/release/opensovd-cda)
        n0: 277872 in 138 places, all below massif's threshold (1.00%)
    n1: 269712 0x10576EFD7: <alloc::string::String as core::clone::Clone>::clone (in ./target/release/opensovd-cda)
     n0: 269712 in 157 places, all below massif's threshold (1.00%)
    n2: 241440 0x1056F5B07: serde_json::map::Map<alloc::string::String,serde_json::value::Value>::entry (in ./target/release/opensovd-cda)
     n1: 171360 0x1056EFDAB: schemars::_private::insert_object_property (in ./target/release/opensovd-cda)
      n0: 171360 in 295 places, all below massif's threshold (1.00%)
     n0: 70080 in 4 places, all below massif's threshold (1.00%)
    n1: 171360 0x1056EFE07: schemars::_private::insert_object_property (in ./target/release/opensovd-cda)
     n0: 171360 in 295 places, all below massif's threshold (1.00%)
   n0: 432 in 2 places, all below massif's threshold (1.00%)
 n2: 1526153 0x105082E23: <dhat::Alloc as core::alloc::global::GlobalAlloc>::alloc (in ./target/release/opensovd-cda)
  n0: 1033825 in 1410 places, all below massif's threshold (1.00%)
  n1: 492328 0x1056F5053: alloc::collections::btree::map::entry::VacantEntry<K,V,A>::insert_entry (in ./target/release/opensovd-cda)
   n1: 492328 0x1056ECCC7: alloc::collections::btree::map::BTreeMap<K,V,A>::insert (in ./target/release/opensovd-cda)
    n0: 492328 in 26 places, all below massif's threshold (1.00%)
 n1: 1310720 0x1057983CF: alloc::raw_vec::RawVecInner<A>::finish_grow (in ./target/release/opensovd-cda)
  n1: 1310720 0x105798347: alloc::raw_vec::RawVec<T,A>::grow_one (in ./target/release/opensovd-cda)
   n1: 1310720 0x105080FE3: dhat::Globals::get_pp_info (in ./target/release/opensovd-cda)
    n2: 1310720 0x105082F33: <dhat::Alloc as core::alloc::global::GlobalAlloc>::alloc (in ./target/release/opensovd-cda)
     n1: 1310720 0x10553E30B: aide::openapi::reference::_::<impl schemars::JsonSchema for aide::openapi::reference::ReferenceOr<T>>::json_schema (in ./target/release/opensovd-cda)
      n1: 1310720 0x105523A7F: schemars::generate::SchemaGenerator::subschema_for (in ./target/release/opensovd-cda)
       n1: 1310720 0x105510ABF: schemars::json_schema_impls::maps::<impl schemars::JsonSchema for alloc::collections::btree::map::BTreeMap<K,V>>::json_schema (in ./target/release/opensovd-cda)
        n1: 1310720 0x10551DCB3: schemars::generate::SchemaGenerator::subschema_for (in ./target/release/opensovd-cda)
         n1: 1310720 0x10553500F: aide::openapi::responses::_::<impl schemars::JsonSchema for aide::openapi::responses::Response>::json_schema (in ./target/release/opensovd-cda)
          n1: 1310720 0x10551BFE7: schemars::generate::SchemaGenerator::subschema_for (in ./target/release/opensovd-cda)
           n1: 1310720 0x10553C863: aide::openapi::reference::_::<impl schemars::JsonSchema for aide::openapi::reference::ReferenceOr<T>>::json_schema (in ./target/release/opensovd-cda)
            n1: 1310720 0x10552B24F: schemars::generate::SchemaGenerator::subschema_for (in ./target/release/opensovd-cda)
             n1: 1310720 0x105526C4F: schemars::generate::SchemaGenerator::subschema_for (in ./target/release/opensovd-cda)
              n1: 1310720 0x1055352CF: aide::openapi::responses::_::<impl schemars::JsonSchema for aide::openapi::responses::Responses>::json_schema (in ./target/release/opensovd-cda)
               n1: 1310720 0x105525A1B: schemars::generate::SchemaGenerator::subschema_for (in ./target/release/opensovd-cda)
                n1: 1310720 0x1055255A3: schemars::generate::SchemaGenerator::subschema_for (in ./target/release/opensovd-cda)
                 n1: 1310720 0x105534A4B: aide::openapi::operation::_::<impl schemars::JsonSchema for aide::openapi::operation::Operation>::json_schema (in ./target/release/opensovd-cda)
                  n1: 1310720 0x1055269BF: schemars::generate::SchemaGenerator::subschema_for (in ./target/release/opensovd-cda)
                   n1: 1310720 0x105521B53: schemars::generate::SchemaGenerator::subschema_for (in ./target/release/opensovd-cda)
                    n1: 1310720 0x10554D6DB: aide::openapi::paths::_::<impl schemars::JsonSchema for aide::openapi::paths::PathItem>::json_schema (in ./target/release/opensovd-cda)
                     n1: 1310720 0x10551DA23: schemars::generate::SchemaGenerator::subschema_for (in ./target/release/opensovd-cda)
                      n1: 1310720 0x10553F0DB: aide::openapi::reference::_::<impl schemars::JsonSchema for aide::openapi::reference::ReferenceOr<T>>::json_schema (in ./target/release/opensovd-cda)
                       n1: 1310720 0x105525E1B: schemars::generate::SchemaGenerator::subschema_for (in ./target/release/opensovd-cda)
                        n1: 1310720 0x105513B37: schemars::json_schema_impls::maps::<impl schemars::JsonSchema for alloc::collections::btree::map::BTreeMap<K,V>>::json_schema (in ./target/release/opensovd-cda)
                         n1: 1310720 0x10554D3C7: aide::openapi::paths::_::<impl schemars::JsonSchema for aide::openapi::paths::Paths>::json_schema (in ./target/release/opensovd-cda)
                          n1: 1310720 0x1055211C7: schemars::generate::SchemaGenerator::subschema_for (in ./target/release/opensovd-cda)
                           n1: 1310720 0x10552091F: schemars::generate::SchemaGenerator::subschema_for (in ./target/release/opensovd-cda)
                            n1: 1310720 0x10553437B: aide::openapi::openapi::_::<impl schemars::JsonSchema for aide::openapi::openapi::OpenApi>::json_schema (in ./target/release/opensovd-cda)
                             n1: 1310720 0x105349F73: schemars::generate::SchemaGenerator::json_schema_internal (in ./target/release/opensovd-cda)
                              n0: 1310720 0x10533D56F: schemars::generate::SchemaGenerator::subschema_for (in ./target/release/opensovd-cda)
     n0: 0 in 9 places, all below massif's threshold (1.00%)
 n1: 1228816 0x105797E8B: hashbrown::raw::RawTable<T,A>::reserve_rehash (in ./target/release/opensovd-cda)
  n1: 1228816 0x10508AFF7: hashbrown::rustc_entry::<impl hashbrown::map::HashMap<K,V,S,A>>::rustc_entry (in ./target/release/opensovd-cda)
   n1: 1228816 0x105080FBB: dhat::Globals::get_pp_info (in ./target/release/opensovd-cda)
    n3: 1228816 0x105082F33: <dhat::Alloc as core::alloc::global::GlobalAlloc>::alloc (in ./target/release/opensovd-cda)
     n1: 819208 0x10576F06B: <alloc::string::String as core::convert::From<alloc::borrow::Cow<str>>>::from (in ./target/release/opensovd-cda)
      n1: 819208 0x1054F3203: schemars::generate::SchemaGenerator::subschema_for (in ./target/release/opensovd-cda)
       n1: 819208 0x1054F719F: schemars::json_schema_impls::sequences::<impl schemars::JsonSchema for alloc::vec::Vec<T>>::json_schema (in ./target/release/opensovd-cda)
        n1: 819208 0x1054ED8D3: schemars::generate::SchemaGenerator::subschema_for (in ./target/release/opensovd-cda)
         n1: 819208 0x105508947: sovd_interfaces::components::ecu::x::single_ecu_job::_::<impl schemars::JsonSchema for sovd_interfaces::components::ecu::x::single_ecu_job::Job>::json_schema (in ./target/release/opensovd-cda)
          n1: 819208 0x1053488B3: schemars::generate::SchemaGenerator::json_schema_internal (in ./target/release/opensovd-cda)
           n1: 819208 0x105340C73: schemars::generate::SchemaGenerator::subschema_for (in ./target/release/opensovd-cda)
            n1: 819208 0x10537DED3: aide::axum::outputs::<impl aide::operation::OperationOutput for axum::json::Json<T>>::operation_response (in ./target/release/opensovd-cda)
             n1: 819208 0x1052BD5F3: std::thread::local::LocalKey<T>::with (in ./target/release/opensovd-cda)
              n1: 819208 0x1052D97B7: aide::transform::TransformOperation::response_with (in ./target/release/opensovd-cda)
               n1: 819208 0x1053699DB: cda_sovd::sovd::components::ecu::x_single_ecu_jobs::single_ecu::name::docs_get (in ./target/release/opensovd-cda)
                n1: 819208 0x104D93187: aide::axum::routing::get_with (in ./target/release/opensovd-cda)
                 n1: 819208 0x104C188F3: cda_sovd::sovd::route::{{closure}} (in ./target/release/opensovd-cda)
                  n1: 819208 0x104C1647F: cda_sovd::add_vehicle_routes::{{closure}}::{{closure}} (in ./target/release/opensovd-cda)
                   n1: 819208 0x104D35EB7: opensovd_cda_lib::setup_vehicle_and_routes::{{closure}} (in ./target/release/opensovd-cda)
                    n1: 819208 0x104D331D7: opensovd_cda_lib::run_with_config_ext::{{closure}} (in ./target/release/opensovd-cda)
                     n1: 819208 0x104D2F39F: opensovd_cda_lib::run_with_ext::{{closure}}::{{closure}} (in ./target/release/opensovd-cda)
                      n1: 819208 0x104D5AFC3: <core::pin::Pin<P> as core::future::future::Future>::poll (in ./target/release/opensovd-cda)
                       n1: 819208 0x104A35597: opensovd_cda::main (in ./target/release/opensovd-cda)
                        n1: 819208 0x104C8DBAF: std::sys::backtrace::__rust_begin_short_backtrace (in ./target/release/opensovd-cda)
                         n1: 819208 0x104E1715B: std::rt::lang_start::{{closure}} (in ./target/release/opensovd-cda)
                          n1: 819208 0x1057575CB: std::rt::lang_start_internal (in ./target/release/opensovd-cda)
                           n0: 819208 0x104A9910B: main (in ./target/release/opensovd-cda)
     n1: 409608 0x10576ED37: alloc::fmt::format::format_inner (in ./target/release/opensovd-cda)
      n1: 409608 0x1056EB323: schemars::generate::SchemaGenerator::subschema_for::find_ref (in ./target/release/opensovd-cda)
       n1: 409608 0x1055281B7: schemars::generate::SchemaGenerator::subschema_for (in ./target/release/opensovd-cda)
        n1: 409608 0x10550F283: schemars::json_schema_impls::maps::<impl schemars::JsonSchema for alloc::collections::btree::map::BTreeMap<K,V>>::json_schema (in ./target/release/opensovd-cda)
         n1: 409608 0x10552C14F: schemars::generate::SchemaGenerator::subschema_for (in ./target/release/opensovd-cda)
          n1: 409608 0x1055523CB: aide::openapi::parameter::_::<impl schemars::JsonSchema for aide::openapi::parameter::ParameterSchemaOrContent>::json_schema (in ./target/release/opensovd-cda)
           n1: 409608 0x105551D4B: aide::openapi::header::_::<impl schemars::JsonSchema for aide::openapi::header::Header>::json_schema (in ./target/release/opensovd-cda)
            n1: 409608 0x105521FCB: schemars::generate::SchemaGenerator::subschema_for (in ./target/release/opensovd-cda)
             n1: 409608 0x10553D3F3: aide::openapi::reference::_::<impl schemars::JsonSchema for aide::openapi::reference::ReferenceOr<T>>::json_schema (in ./target/release/opensovd-cda)
              n1: 409608 0x1055289C7: schemars::generate::SchemaGenerator::subschema_for (in ./target/release/opensovd-cda)
               n1: 409608 0x105512B0F: schemars::json_schema_impls::maps::<impl schemars::JsonSchema for alloc::collections::btree::map::BTreeMap<K,V>>::json_schema (in ./target/release/opensovd-cda)
                n1: 409608 0x10551FE43: schemars::generate::SchemaGenerator::subschema_for (in ./target/release/opensovd-cda)
                 n1: 409608 0x1055316DF: aide::openapi::encoding::_::<impl schemars::JsonSchema for aide::openapi::encoding::Encoding>::json_schema (in ./target/release/opensovd-cda)
                  n1: 409608 0x105527507: schemars::generate::SchemaGenerator::subschema_for (in ./target/release/opensovd-cda)
                   n1: 409608 0x105511AE7: schemars::json_schema_impls::maps::<impl schemars::JsonSchema for alloc::collections::btree::map::BTreeMap<K,V>>::json_schema (in ./target/release/opensovd-cda)
                    n1: 409608 0x105527A53: schemars::generate::SchemaGenerator::subschema_for (in ./target/release/opensovd-cda)
                     n1: 409608 0x10555146B: aide::openapi::media_type::_::<impl schemars::JsonSchema for aide::openapi::media_type::MediaType>::json_schema (in ./target/release/opensovd-cda)
                      n1: 409608 0x10552830B: schemars::generate::SchemaGenerator::subschema_for (in ./target/release/opensovd-cda)
                       n1: 409608 0x10550F283: schemars::json_schema_impls::maps::<impl schemars::JsonSchema for alloc::collections::btree::map::BTreeMap<K,V>>::json_schema (in ./target/release/opensovd-cda)
                        n1: 409608 0x10552C14F: schemars::generate::SchemaGenerator::subschema_for (in ./target/release/opensovd-cda)
                         n1: 409608 0x1055523CB: aide::openapi::parameter::_::<impl schemars::JsonSchema for aide::openapi::parameter::ParameterSchemaOrContent>::json_schema (in ./target/release/opensovd-cda)
                          n1: 409608 0x105553F93: aide::openapi::parameter::_::<impl schemars::JsonSchema for aide::openapi::parameter::ParameterData>::json_schema (in ./target/release/opensovd-cda)
                           n1: 409608 0x10555269B: aide::openapi::parameter::_::<impl schemars::JsonSchema for aide::openapi::parameter::Parameter>::json_schema (in ./target/release/opensovd-cda)
                            n1: 409608 0x10552BEBF: schemars::generate::SchemaGenerator::subschema_for (in ./target/release/opensovd-cda)
                             n1: 409608 0x10553DF83: aide::openapi::reference::_::<impl schemars::JsonSchema for aide::openapi::reference::ReferenceOr<T>>::json_schema (in ./target/release/opensovd-cda)
                              n0: 409608 0x1055223CB: schemars::generate::SchemaGenerator::subschema_for (in ./target/release/opensovd-cda)
     n0: 0 in 6 places, all below massif's threshold (1.00%)
 n3: 580470 0x105083553: <dhat::Alloc as core::alloc::global::GlobalAlloc>::realloc (in ./target/release/opensovd-cda)
  n2: 308000 0x105788547: alloc::raw_vec::RawVecInner<A>::finish_grow (in ./target/release/opensovd-cda)
   n1: 246400 0x104CB89AB: indexmap::map::IndexMap<K,V,S>::insert_full (in ./target/release/opensovd-cda)
    n1: 246400 0x104B008C3: std::thread::local::LocalKey<T>::with (in ./target/release/opensovd-cda)
     n2: 246400 0x104E8E24F: aide::axum::ApiRouter<S>::api_route (in ./target/release/opensovd-cda)
      n1: 246400 0x104C1865F: cda_sovd::sovd::route::{{closure}} (in ./target/release/opensovd-cda)
       n1: 246400 0x104C1647F: cda_sovd::add_vehicle_routes::{{closure}}::{{closure}} (in ./target/release/opensovd-cda)
        n1: 246400 0x104D35EB7: opensovd_cda_lib::setup_vehicle_and_routes::{{closure}} (in ./target/release/opensovd-cda)
         n1: 246400 0x104D331D7: opensovd_cda_lib::run_with_config_ext::{{closure}} (in ./target/release/opensovd-cda)
          n1: 246400 0x104D2F39F: opensovd_cda_lib::run_with_ext::{{closure}}::{{closure}} (in ./target/release/opensovd-cda)
           n1: 246400 0x104D5AFC3: <core::pin::Pin<P> as core::future::future::Future>::poll (in ./target/release/opensovd-cda)
            n1: 246400 0x104A35597: opensovd_cda::main (in ./target/release/opensovd-cda)
             n1: 246400 0x104C8DBAF: std::sys::backtrace::__rust_begin_short_backtrace (in ./target/release/opensovd-cda)
              n1: 246400 0x104E1715B: std::rt::lang_start::{{closure}} (in ./target/release/opensovd-cda)
               n1: 246400 0x1057575CB: std::rt::lang_start_internal (in ./target/release/opensovd-cda)
                n0: 246400 0x104A9910B: main (in ./target/release/opensovd-cda)
      n0: 0 in 2 places, all below massif's threshold (1.00%)
   n0: 61600 in 1 place, below massif's threshold (1.00%)
  n2: 212992 0x1057C159B: alloc::raw_vec::RawVecInner<A>::finish_grow (in ./target/release/opensovd-cda)
   n1: 212992 0x10563948B: std::io::default_read_to_end (in ./target/release/opensovd-cda)
    n1: 212992 0x1056031EF: cda_database::mdd_data::decompress_chunk_data (in ./target/release/opensovd-cda)
     n1: 212992 0x105617B1F: <core::iter::adapters::map::Map<I,F> as core::iter::traits::iterator::Iterator>::try_fold (in ./target/release/opensovd-cda)
      n1: 212992 0x10561DC2F: <alloc::vec::Vec<T> as alloc::vec::spec_from_iter::SpecFromIter<T,I>>::from_iter (in ./target/release/opensovd-cda)
       n1: 212992 0x1056410DF: core::iter::adapters::try_process (in ./target/release/opensovd-cda)
        n1: 212992 0x105617893: <core::iter::adapters::map::Map<I,F> as core::iter::traits::iterator::Iterator>::try_fold (in ./target/release/opensovd-cda)
         n1: 212992 0x105640FE7: core::iter::adapters::try_process (in ./target/release/opensovd-cda)
          n1: 212992 0x10560246B: cda_database::mdd_data::load_proto_data (in ./target/release/opensovd-cda)
           n1: 212992 0x104DC4083: opensovd_cda_lib::mdd::load_single_mdd (in ./target/release/opensovd-cda)
            n1: 212992 0x104BEB623: opensovd_cda_lib::mdd::load_databases::{{closure}}::{{closure}} (in ./target/release/opensovd-cda)
             n1: 212992 0x104D397DF: opensovd_cda_lib::create_vehicle_components::{{closure}} (in ./target/release/opensovd-cda)
              n1: 212992 0x104D351AB: opensovd_cda_lib::setup_vehicle_and_routes::{{closure}} (in ./target/release/opensovd-cda)
               n1: 212992 0x104D331D7: opensovd_cda_lib::run_with_config_ext::{{closure}} (in ./target/release/opensovd-cda)
                n1: 212992 0x104D2F39F: opensovd_cda_lib::run_with_ext::{{closure}}::{{closure}} (in ./target/release/opensovd-cda)
                 n1: 212992 0x104D5AFC3: <core::pin::Pin<P> as core::future::future::Future>::poll (in ./target/release/opensovd-cda)
                  n1: 212992 0x104A35597: opensovd_cda::main (in ./target/release/opensovd-cda)
                   n1: 212992 0x104C8DBAF: std::sys::backtrace::__rust_begin_short_backtrace (in ./target/release/opensovd-cda)
                    n1: 212992 0x104E1715B: std::rt::lang_start::{{closure}} (in ./target/release/opensovd-cda)
                     n1: 212992 0x1057575CB: std::rt::lang_start_internal (in ./target/release/opensovd-cda)
                      n0: 212992 0x104A9910B: main (in ./target/release/opensovd-cda)
   n0: 0 in 1 place, below massif's threshold (1.00%)
  n0: 59478 in 15 places, all below massif's threshold (1.00%)
 n1: 540680 0x1057970CB: hashbrown::raw::RawTable<T,A>::reserve_rehash (in ./target/release/opensovd-cda)
  n1: 540680 0x10508B657: hashbrown::map::HashMap<K,V,S,A>::insert (in ./target/release/opensovd-cda)
   n2: 540680 0x105082F73: <dhat::Alloc as core::alloc::global::GlobalAlloc>::alloc (in ./target/release/opensovd-cda)
    n2: 540680 0x10576EFD7: <alloc::string::String as core::clone::Clone>::clone (in ./target/release/opensovd-cda)
     n1: 540680 0x10551939B: <alloc::collections::btree::map::BTreeMap<K,V,A> as core::clone::Clone>::clone::clone_subtree (in ./target/release/opensovd-cda)
      n1: 540680 0x10554EB23: aide::operation::parameters_from_schema (in ./target/release/opensovd-cda)
       n1: 540680 0x104AFB7BB: std::thread::local::LocalKey<T>::with (in ./target/release/opensovd-cda)
        n1: 540680 0x104D8F83F: aide::axum::routing::get_with (in ./target/release/opensovd-cda)
         n1: 540680 0x104C186DB: cda_sovd::sovd::route::{{closure}} (in ./target/release/opensovd-cda)
          n1: 540680 0x104C1647F: cda_sovd::add_vehicle_routes::{{closure}}::{{closure}} (in ./target/release/opensovd-cda)
           n1: 540680 0x104D35EB7: opensovd_cda_lib::setup_vehicle_and_routes::{{closure}} (in ./target/release/opensovd-cda)
            n1: 540680 0x104D331D7: opensovd_cda_lib::run_with_config_ext::{{closure}} (in ./target/release/opensovd-cda)
             n1: 540680 0x104D2F39F: opensovd_cda_lib::run_with_ext::{{closure}}::{{closure}} (in ./target/release/opensovd-cda)
              n1: 540680 0x104D5AFC3: <core::pin::Pin<P> as core::future::future::Future>::poll (in ./target/release/opensovd-cda)
               n1: 540680 0x104A35597: opensovd_cda::main (in ./target/release/opensovd-cda)
                n1: 540680 0x104C8DBAF: std::sys::backtrace::__rust_begin_short_backtrace (in ./target/release/opensovd-cda)
                 n1: 540680 0x104E1715B: std::rt::lang_start::{{closure}} (in ./target/release/opensovd-cda)
                  n1: 540680 0x1057575CB: std::rt::lang_start_internal (in ./target/release/opensovd-cda)
                   n0: 540680 0x104A9910B: main (in ./target/release/opensovd-cda)
     n0: 0 in 1 place, below massif's threshold (1.00%)
    n0: 0 in 7 places, all below massif's threshold (1.00%)
 n0: 183443 in 94 places, all below massif's threshold (1.00%)
#-----------
snapshot=8
#-----------
time=4338201511
mem_heap_B=14838940
mem_heap_extra_B=5038428
mem_stacks_B=0
heap_tree=empty
#-----------
snapshot=9
#-----------
time=4882272196
mem_heap_B=15677060
mem_heap_extra_B=5074460
mem_stacks_B=0
heap_tree=empty
#-----------
snapshot=10
#-----------
time=5282698935
mem_heap_B=17136109
mem_heap_extra_B=5099635
mem_stacks_B=0
heap_tree=detailed
n7: 17136109 (heap allocation functions) malloc/new/new[], --alloc-fns, etc.
 n1: 7847088 0x1050A4D3B: alloc::vec::Vec<T,A>::into_boxed_slice (in ./target/release/opensovd-cda)
  n2: 7847088 0x105080A0F: dhat::new_backtrace_inner (in ./target/release/opensovd-cda)
   n7: 7846656 0x105082F17: <dhat::Alloc as core::alloc::global::GlobalAlloc>::alloc (in ./target/release/opensovd-cda)
    n0: 5529792 in 1575 places, all below massif's threshold (1.00%)
    n1: 578400 0x1056F5053: alloc::collections::btree::map::entry::VacantEntry<K,V,A>::insert_entry (in ./target/release/opensovd-cda)
     n1: 578400 0x1056ECCC7: alloc::collections::btree::map::BTreeMap<K,V,A>::insert (in ./target/release/opensovd-cda)
      n0: 578400 in 27 places, all below massif's threshold (1.00%)
    n1: 452640 0x10576ED37: alloc::fmt::format::format_inner (in ./target/release/opensovd-cda)
     n0: 452640 in 153 places, all below massif's threshold (1.00%)
    n1: 353712 0x10503150B: tracing_subscriber::registry::extensions::ExtensionsMut::insert (in ./target/release/opensovd-cda)
     n1: 353712 0x104F74E13: <tracing_subscriber::fmt::fmt_layer::Layer<S,N,E,W> as tracing_subscriber::layer::Layer<S>>::on_new_span (in ./target/release/opensovd-cda)
      n1: 353712 0x10502E263: <tracing_subscriber::layer::layered::Layered<L,S> as tracing_core::subscriber::Subscriber>::new_span (in ./target/release/opensovd-cda)
       n1: 353712 0x1056DD957: tracing::span::Span::new (in ./target/release/opensovd-cda)
        n0: 353712 in 171 places, all below massif's threshold (1.00%)
    n2: 326400 0x105106663: <figment::value::ser::ValueSerializer as serde_core::ser::Serializer>::serialize_str (in ./target/release/opensovd-cda)
     n1: 260160 0x104F669AB: <figment::value::ser::MapSerializer as serde_core::ser::SerializeMap>::serialize_key (in ./target/release/opensovd-cda)
      n0: 260160 in 75 places, all below massif's threshold (1.00%)
     n0: 66240 in 5 places, all below massif's threshold (1.00%)
    n1: 314832 0x10576EFD7: <alloc::string::String as core::clone::Clone>::clone (in ./target/release/opensovd-cda)
     n0: 314832 in 162 places, all below massif's threshold (1.00%)
    n1: 290880 0x1056F5B07: serde_json::map::Map<alloc::string::String,serde_json::value::Value>::entry (in ./target/release/opensovd-cda)
     n0: 290880 in 5 places, all below massif's threshold (1.00%)
   n0: 432 in 2 places, all below massif's threshold (1.00%)
 n1: 2621440 0x1057983CF: alloc::raw_vec::RawVecInner<A>::finish_grow (in ./target/release/opensovd-cda)
  n1: 2621440 0x105798347: alloc::raw_vec::RawVec<T,A>::grow_one (in ./target/release/opensovd-cda)
   n1: 2621440 0x105080FE3: dhat::Globals::get_pp_info (in ./target/release/opensovd-cda)
    n2: 2621440 0x105082F33: <dhat::Alloc as core::alloc::global::GlobalAlloc>::alloc (in ./target/release/opensovd-cda)
     n1: 2621440 0x10503150B: tracing_subscriber::registry::extensions::ExtensionsMut::insert (in ./target/release/opensovd-cda)
      n1: 2621440 0x104F74E13: <tracing_subscriber::fmt::fmt_layer::Layer<S,N,E,W> as tracing_subscriber::layer::Layer<S>>::on_new_span (in ./target/release/opensovd-cda)
       n1: 2621440 0x10502E263: <tracing_subscriber::layer::layered::Layered<L,S> as tracing_core::subscriber::Subscriber>::new_span (in ./target/release/opensovd-cda)
        n1: 2621440 0x1056DD957: tracing::span::Span::new (in ./target/release/opensovd-cda)
         n1: 2621440 0x1052E021B: aide::transform::TransformResponse<T>::description (in ./target/release/opensovd-cda)
          n1: 2621440 0x1052BF34B: std::thread::local::LocalKey<T>::with (in ./target/release/opensovd-cda)
           n1: 2621440 0x1052CCD43: aide::transform::TransformOperation::response_with (in ./target/release/opensovd-cda)
            n1: 2621440 0x10535384F: cda_sovd::sovd::components::ecu::faults::id::docs_delete (in ./target/release/opensovd-cda)
             n1: 2621440 0x104D88C57: aide::axum::routing::ApiMethodRouter<S>::delete_with (in ./target/release/opensovd-cda)
              n1: 2621440 0x104C18ADF: cda_sovd::sovd::route::{{closure}} (in ./target/release/opensovd-cda)
               n1: 2621440 0x104C1647F: cda_sovd::add_vehicle_routes::{{closure}}::{{closure}} (in ./target/release/opensovd-cda)
                n1: 2621440 0x104D35EB7: opensovd_cda_lib::setup_vehicle_and_routes::{{closure}} (in ./target/release/opensovd-cda)
                 n1: 2621440 0x104D331D7: opensovd_cda_lib::run_with_config_ext::{{closure}} (in ./target/release/opensovd-cda)
                  n1: 2621440 0x104D2F39F: opensovd_cda_lib::run_with_ext::{{closure}}::{{closure}} (in ./target/release/opensovd-cda)
                   n1: 2621440 0x104D5AFC3: <core::pin::Pin<P> as core::future::future::Future>::poll (in ./target/release/opensovd-cda)
                    n1: 2621440 0x104A35597: opensovd_cda::main (in ./target/release/opensovd-cda)
                     n1: 2621440 0x104C8DBAF: std::sys::backtrace::__rust_begin_short_backtrace (in ./target/release/opensovd-cda)
                      n1: 2621440 0x104E1715B: std::rt::lang_start::{{closure}} (in ./target/release/opensovd-cda)
                       n1: 2621440 0x1057575CB: std::rt::lang_start_internal (in ./target/release/opensovd-cda)
                        n0: 2621440 0x104A9910B: main (in ./target/release/opensovd-cda)
     n0: 0 in 10 places, all below massif's threshold (1.00%)
 n4: 2470401 0x105082E23: <dhat::Alloc as core::alloc::global::GlobalAlloc>::alloc (in ./target/release/opensovd-cda)
  n0: 1225521 in 1644 places, all below massif's threshold (1.00%)
  n1: 711000 0x1056F5053: alloc::collections::btree::map::entry::VacantEntry<K,V,A>::insert_entry (in ./target/release/opensovd-cda)
   n2: 711000 0x1056ECCC7: alloc::collections::btree::map::BTreeMap<K,V,A>::insert (in ./target/release/opensovd-cda)
    n0: 427232 in 26 places, all below massif's threshold (1.00%)
    n1: 283768 0x1056F8F8B: schemars::schema::Schema::new_ref (in ./target/release/opensovd-cda)
     n1: 283768 0x1056EB34F: schemars::generate::SchemaGenerator::subschema_for::find_ref (in ./target/release/opensovd-cda)
      n0: 283768 in 131 places, all below massif's threshold (1.00%)
  n1: 275552 0x105331C07: alloc::collections::btree::map::entry::VacantEntry<K,V,A>::insert_entry (in ./target/release/opensovd-cda)
   n1: 275552 0x1053129EF: alloc::collections::btree::map::BTreeMap<K,V,A>::insert (in ./target/release/opensovd-cda)
    n0: 275552 in 60 places, all below massif's threshold (1.00%)
  n1: 258328 0x1057B1F53: alloc::raw_vec::RawVecInner<A>::finish_grow (in ./target/release/opensovd-cda)
   n0: 258328 in 2 places, all below massif's threshold (1.00%)
 n1: 1622032 0x1057970CB: hashbrown::raw::RawTable<T,A>::reserve_rehash (in ./target/release/opensovd-cda)
  n1: 1622032 0x10508B657: hashbrown::map::HashMap<K,V,S,A>::insert (in ./target/release/opensovd-cda)
   n3: 1622032 0x105082F73: <dhat::Alloc as core::alloc::global::GlobalAlloc>::alloc (in ./target/release/opensovd-cda)
    n1: 1081352 0x1055B815F: matchit::tree::normalize_params (in ./target/release/opensovd-cda)
     n1: 1081352 0x104ADD45B: matchit::tree::Node<T>::insert (in ./target/release/opensovd-cda)
      n1: 1081352 0x104E95B93: axum::routing::path_router::Node::insert (in ./target/release/opensovd-cda)
       n1: 1081352 0x104EA231F: axum::routing::Router<S>::route (in ./target/release/opensovd-cda)
        n1: 1081352 0x104E8E27F: aide::axum::ApiRouter<S>::api_route (in ./target/release/opensovd-cda)
         n1: 1081352 0x104C185B7: cda_sovd::sovd::route::{{closure}} (in ./target/release/opensovd-cda)
          n1: 1081352 0x104C1647F: cda_sovd::add_vehicle_routes::{{closure}}::{{closure}} (in ./target/release/opensovd-cda)
           n1: 1081352 0x104D35EB7: opensovd_cda_lib::setup_vehicle_and_routes::{{closure}} (in ./target/release/opensovd-cda)
            n1: 1081352 0x104D331D7: opensovd_cda_lib::run_with_config_ext::{{closure}} (in ./target/release/opensovd-cda)
             n1: 1081352 0x104D2F39F: opensovd_cda_lib::run_with_ext::{{closure}}::{{closure}} (in ./target/release/opensovd-cda)
              n1: 1081352 0x104D5AFC3: <core::pin::Pin<P> as core::future::future::Future>::poll (in ./target/release/opensovd-cda)
               n1: 1081352 0x104A35597: opensovd_cda::main (in ./target/release/opensovd-cda)
                n1: 1081352 0x104C8DBAF: std::sys::backtrace::__rust_begin_short_backtrace (in ./target/release/opensovd-cda)
                 n1: 1081352 0x104E1715B: std::rt::lang_start::{{closure}} (in ./target/release/opensovd-cda)
                  n1: 1081352 0x1057575CB: std::rt::lang_start_internal (in ./target/release/opensovd-cda)
                   n0: 1081352 0x104A9910B: main (in ./target/release/opensovd-cda)
    n2: 540680 0x10576EFD7: <alloc::string::String as core::clone::Clone>::clone (in ./target/release/opensovd-cda)
     n1: 540680 0x10551939B: <alloc::collections::btree::map::BTreeMap<K,V,A> as core::clone::Clone>::clone::clone_subtree (in ./target/release/opensovd-cda)
      n1: 540680 0x10554EB23: aide::operation::parameters_from_schema (in ./target/release/opensovd-cda)
       n1: 540680 0x104AFB7BB: std::thread::local::LocalKey<T>::with (in ./target/release/opensovd-cda)
        n1: 540680 0x104D8F83F: aide::axum::routing::get_with (in ./target/release/opensovd-cda)
         n1: 540680 0x104C186DB: cda_sovd::sovd::route::{{closure}} (in ./target/release/opensovd-cda)
          n1: 540680 0x104C1647F: cda_sovd::add_vehicle_routes::{{closure}}::{{closure}} (in ./target/release/opensovd-cda)
           n1: 540680 0x104D35EB7: opensovd_cda_lib::setup_vehicle_and_routes::{{closure}} (in ./target/release/opensovd-cda)
            n1: 540680 0x104D331D7: opensovd_cda_lib::run_with_config_ext::{{closure}} (in ./target/release/opensovd-cda)
             n1: 540680 0x104D2F39F: opensovd_cda_lib::run_with_ext::{{closure}}::{{closure}} (in ./target/release/opensovd-cda)
              n1: 540680 0x104D5AFC3: <core::pin::Pin<P> as core::future::future::Future>::poll (in ./target/release/opensovd-cda)
               n1: 540680 0x104A35597: opensovd_cda::main (in ./target/release/opensovd-cda)
                n1: 540680 0x104C8DBAF: std::sys::backtrace::__rust_begin_short_backtrace (in ./target/release/opensovd-cda)
                 n1: 540680 0x104E1715B: std::rt::lang_start::{{closure}} (in ./target/release/opensovd-cda)
                  n1: 540680 0x1057575CB: std::rt::lang_start_internal (in ./target/release/opensovd-cda)
                   n0: 540680 0x104A9910B: main (in ./target/release/opensovd-cda)
     n0: 0 in 1 place, below massif's threshold (1.00%)
    n0: 0 in 7 places, all below massif's threshold (1.00%)
 n2: 1572497 0x105083553: <dhat::Alloc as core::alloc::global::GlobalAlloc>::realloc (in ./target/release/opensovd-cda)
  n2: 1170400 0x105788547: alloc::raw_vec::RawVecInner<A>::finish_grow (in ./target/release/opensovd-cda)
   n2: 1108800 0x104CB89AB: indexmap::map::IndexMap<K,V,S>::insert_full (in ./target/release/opensovd-cda)
    n1: 985600 0x104D6B1CB: <core::iter::adapters::map::Map<I,F> as core::iter::traits::iterator::Iterator>::fold (in ./target/release/opensovd-cda)
     n1: 985600 0x104E8A8AB: aide::axum::ApiRouter<S>::nest_api_service (in ./target/release/opensovd-cda)
      n1: 985600 0x104C18DFF: cda_sovd::sovd::route::{{closure}} (in ./target/release/opensovd-cda)
       n1: 985600 0x104C1647F: cda_sovd::add_vehicle_routes::{{closure}}::{{closure}} (in ./target/release/opensovd-cda)
        n1: 985600 0x104D35EB7: opensovd_cda_lib::setup_vehicle_and_routes::{{closure}} (in ./target/release/opensovd-cda)
         n1: 985600 0x104D331D7: opensovd_cda_lib::run_with_config_ext::{{closure}} (in ./target/release/opensovd-cda)
          n1: 985600 0x104D2F39F: opensovd_cda_lib::run_with_ext::{{closure}}::{{closure}} (in ./target/release/opensovd-cda)
           n1: 985600 0x104D5AFC3: <core::pin::Pin<P> as core::future::future::Future>::poll (in ./target/release/opensovd-cda)
            n1: 985600 0x104A35597: opensovd_cda::main (in ./target/release/opensovd-cda)
             n1: 985600 0x104C8DBAF: std::sys::backtrace::__rust_begin_short_backtrace (in ./target/release/opensovd-cda)
              n1: 985600 0x104E1715B: std::rt::lang_start::{{closure}} (in ./target/release/opensovd-cda)
               n1: 985600 0x1057575CB: std::rt::lang_start_internal (in ./target/release/opensovd-cda)
                n0: 985600 0x104A9910B: main (in ./target/release/opensovd-cda)
    n0: 123200 in 1 place, below massif's threshold (1.00%)
   n0: 61600 in 2 places, all below massif's threshold (1.00%)
  n0: 402097 in 16 places, all below massif's threshold (1.00%)
 n1: 819208 0x105797E8B: hashbrown::raw::RawTable<T,A>::reserve_rehash (in ./target/release/opensovd-cda)
  n1: 819208 0x10508AFF7: hashbrown::rustc_entry::<impl hashbrown::map::HashMap<K,V,S,A>>::rustc_entry (in ./target/release/opensovd-cda)
   n1: 819208 0x105080FBB: dhat::Globals::get_pp_info (in ./target/release/opensovd-cda)
    n2: 819208 0x105082F33: <dhat::Alloc as core::alloc::global::GlobalAlloc>::alloc (in ./target/release/opensovd-cda)
     n1: 819208 0x10576F06B: <alloc::string::String as core::convert::From<alloc::borrow::Cow<str>>>::from (in ./target/release/opensovd-cda)
      n1: 819208 0x1054F3203: schemars::generate::SchemaGenerator::subschema_for (in ./target/release/opensovd-cda)
       n1: 819208 0x1054F719F: schemars::json_schema_impls::sequences::<impl schemars::JsonSchema for alloc::vec::Vec<T>>::json_schema (in ./target/release/opensovd-cda)
        n1: 819208 0x1054ED8D3: schemars::generate::SchemaGenerator::subschema_for (in ./target/release/opensovd-cda)
         n1: 819208 0x105508947: sovd_interfaces::components::ecu::x::single_ecu_job::_::<impl schemars::JsonSchema for sovd_interfaces::components::ecu::x::single_ecu_job::Job>::json_schema (in ./target/release/opensovd-cda)
          n1: 819208 0x1053488B3: schemars::generate::SchemaGenerator::json_schema_internal (in ./target/release/opensovd-cda)
           n1: 819208 0x105340C73: schemars::generate::SchemaGenerator::subschema_for (in ./target/release/opensovd-cda)
            n1: 819208 0x10537DED3: aide::axum::outputs::<impl aide::operation::OperationOutput for axum::json::Json<T>>::operation_response (in ./target/release/opensovd-cda)
             n1: 819208 0x1052BD5F3: std::thread::local::LocalKey<T>::with (in ./target/release/opensovd-cda)
              n1: 819208 0x1052D97B7: aide::transform::TransformOperation::response_with (in ./target/release/opensovd-cda)
               n1: 819208 0x1053699DB: cda_sovd::sovd::components::ecu::x_single_ecu_jobs::single_ecu::name::docs_get (in ./target/release/opensovd-cda)
                n1: 819208 0x104D93187: aide::axum::routing::get_with (in ./target/release/opensovd-cda)
                 n1: 819208 0x104C188F3: cda_sovd::sovd::route::{{closure}} (in ./target/release/opensovd-cda)
                  n1: 819208 0x104C1647F: cda_sovd::add_vehicle_routes::{{closure}}::{{closure}} (in ./target/release/opensovd-cda)
                   n1: 819208 0x104D35EB7: opensovd_cda_lib::setup_vehicle_and_routes::{{closure}} (in ./target/release/opensovd-cda)
                    n1: 819208 0x104D331D7: opensovd_cda_lib::run_with_config_ext::{{closure}} (in ./target/release/opensovd-cda)
                     n1: 819208 0x104D2F39F: opensovd_cda_lib::run_with_ext::{{closure}}::{{closure}} (in ./target/release/opensovd-cda)
                      n1: 819208 0x104D5AFC3: <core::pin::Pin<P> as core::future::future::Future>::poll (in ./target/release/opensovd-cda)
                       n1: 819208 0x104A35597: opensovd_cda::main (in ./target/release/opensovd-cda)
                        n1: 819208 0x104C8DBAF: std::sys::backtrace::__rust_begin_short_backtrace (in ./target/release/opensovd-cda)
                         n1: 819208 0x104E1715B: std::rt::lang_start::{{closure}} (in ./target/release/opensovd-cda)
                          n1: 819208 0x1057575CB: std::rt::lang_start_internal (in ./target/release/opensovd-cda)
                           n0: 819208 0x104A9910B: main (in ./target/release/opensovd-cda)
     n0: 0 in 7 places, all below massif's threshold (1.00%)
 n0: 183443 in 94 places, all below massif's threshold (1.00%)
#-----------
snapshot=11
#-----------
time=5922815695
mem_heap_B=16898907
mem_heap_extra_B=5137629
mem_stacks_B=0
heap_tree=empty
#-----------
snapshot=12
#-----------
time=6307495449
mem_heap_B=18504103
mem_heap_extra_B=5873953
mem_stacks_B=0
heap_tree=detailed
n7: 18504103 (heap allocation functions) malloc/new/new[], --alloc-fns, etc.
 n1: 8997984 0x1050A4D3B: alloc::vec::Vec<T,A>::into_boxed_slice (in ./target/release/opensovd-cda)
  n2: 8997984 0x105080A0F: dhat::new_backtrace_inner (in ./target/release/opensovd-cda)
   n7: 8997552 0x105082F17: <dhat::Alloc as core::alloc::global::GlobalAlloc>::alloc (in ./target/release/opensovd-cda)
    n0: 6294864 in 1715 places, all below massif's threshold (1.00%)
    n1: 648480 0x1056F5053: alloc::collections::btree::map::entry::VacantEntry<K,V,A>::insert_entry (in ./target/release/opensovd-cda)
     n1: 648480 0x1056ECCC7: alloc::collections::btree::map::BTreeMap<K,V,A>::insert (in ./target/release/opensovd-cda)
      n0: 648480 in 27 places, all below massif's threshold (1.00%)
    n1: 555792 0x10576ED37: alloc::fmt::format::format_inner (in ./target/release/opensovd-cda)
     n0: 555792 in 169 places, all below massif's threshold (1.00%)
    n1: 484272 0x10503150B: tracing_subscriber::registry::extensions::ExtensionsMut::insert (in ./target/release/opensovd-cda)
     n1: 484272 0x104F74E13: <tracing_subscriber::fmt::fmt_layer::Layer<S,N,E,W> as tracing_subscriber::layer::Layer<S>>::on_new_span (in ./target/release/opensovd-cda)
      n1: 484272 0x10502E263: <tracing_subscriber::layer::layered::Layered<L,S> as tracing_core::subscriber::Subscriber>::new_span (in ./target/release/opensovd-cda)
       n1: 484272 0x1056DD957: tracing::span::Span::new (in ./target/release/opensovd-cda)
        n0: 484272 in 217 places, all below massif's threshold (1.00%)
    n1: 374784 0x10576EFD7: <alloc::string::String as core::clone::Clone>::clone (in ./target/release/opensovd-cda)
     n0: 374784 in 165 places, all below massif's threshold (1.00%)
    n2: 326400 0x105106663: <figment::value::ser::ValueSerializer as serde_core::ser::Serializer>::serialize_str (in ./target/release/opensovd-cda)
     n1: 260160 0x104F669AB: <figment::value::ser::MapSerializer as serde_core::ser::SerializeMap>::serialize_key (in ./target/release/opensovd-cda)
      n0: 260160 in 75 places, all below massif's threshold (1.00%)
     n0: 66240 in 5 places, all below massif's threshold (1.00%)
    n1: 312960 0x1056F5B07: serde_json::map::Map<alloc::string::String,serde_json::value::Value>::entry (in ./target/release/opensovd-cda)
     n0: 312960 in 5 places, all below massif's threshold (1.00%)
   n0: 432 in 2 places, all below massif's threshold (1.00%)
 n5: 3137743 0x105082E23: <dhat::Alloc as core::alloc::global::GlobalAlloc>::alloc (in ./target/release/opensovd-cda)
  n0: 1278527 in 1786 places, all below massif's threshold (1.00%)
  n1: 843088 0x1056F5053: alloc::collections::btree::map::entry::VacantEntry<K,V,A>::insert_entry (in ./target/release/opensovd-cda)
   n2: 843088 0x1056ECCC7: alloc::collections::btree::map::BTreeMap<K,V,A>::insert (in ./target/release/opensovd-cda)
    n0: 442400 in 26 places, all below massif's threshold (1.00%)
    n1: 400688 0x1056F8F8B: schemars::schema::Schema::new_ref (in ./target/release/opensovd-cda)
     n1: 400688 0x1056EB34F: schemars::generate::SchemaGenerator::subschema_for::find_ref (in ./target/release/opensovd-cda)
      n0: 400688 in 142 places, all below massif's threshold (1.00%)
  n1: 393104 0x105331C07: alloc::collections::btree::map::entry::VacantEntry<K,V,A>::insert_entry (in ./target/release/opensovd-cda)
   n2: 393104 0x1053129EF: alloc::collections::btree::map::BTreeMap<K,V,A>::insert (in ./target/release/opensovd-cda)
    n1: 272392 0x1052EF307: <serde_json::value::ser::SerializeMap as serde_core::ser::SerializeStruct>::serialize_field (in ./target/release/opensovd-cda)
     n0: 272392 in 16 places, all below massif's threshold (1.00%)
    n0: 120712 in 73 places, all below massif's threshold (1.00%)
  n2: 377568 0x1057B1F53: alloc::raw_vec::RawVecInner<A>::finish_grow (in ./target/release/opensovd-cda)
   n1: 259488 0x1057B1D0F: alloc::raw_vec::RawVec<T,A>::grow_one (in ./target/release/opensovd-cda)
    n1: 259488 0x104A50E4B: aide::operation::add_parameters (in ./target/release/opensovd-cda)
     n0: 259488 in 48 places, all below massif's threshold (1.00%)
   n0: 118080 in 1 place, below massif's threshold (1.00%)
  n1: 245456 0x105317BF3: <indexmap::map::IndexMap<K,V,S> as core::iter::traits::collect::FromIterator<(K,V)>>::from_iter (in ./target/release/opensovd-cda)
   n0: 245456 in 43 places, all below massif's threshold (1.00%)
 n1: 2621440 0x1057983CF: alloc::raw_vec::RawVecInner<A>::finish_grow (in ./target/release/opensovd-cda)
  n1: 2621440 0x105798347: alloc::raw_vec::RawVec<T,A>::grow_one (in ./target/release/opensovd-cda)
   n1: 2621440 0x105080FE3: dhat::Globals::get_pp_info (in ./target/release/opensovd-cda)
    n2: 2621440 0x105082F33: <dhat::Alloc as core::alloc::global::GlobalAlloc>::alloc (in ./target/release/opensovd-cda)
     n1: 2621440 0x10503150B: tracing_subscriber::registry::extensions::ExtensionsMut::insert (in ./target/release/opensovd-cda)
      n1: 2621440 0x104F74E13: <tracing_subscriber::fmt::fmt_layer::Layer<S,N,E,W> as tracing_subscriber::layer::Layer<S>>::on_new_span (in ./target/release/opensovd-cda)
       n1: 2621440 0x10502E263: <tracing_subscriber::layer::layered::Layered<L,S> as tracing_core::subscriber::Subscriber>::new_span (in ./target/release/opensovd-cda)
        n1: 2621440 0x1056DD957: tracing::span::Span::new (in ./target/release/opensovd-cda)
         n1: 2621440 0x1052E021B: aide::transform::TransformResponse<T>::description (in ./target/release/opensovd-cda)
          n1: 2621440 0x1052BF34B: std::thread::local::LocalKey<T>::with (in ./target/release/opensovd-cda)
           n1: 2621440 0x1052CCD43: aide::transform::TransformOperation::response_with (in ./target/release/opensovd-cda)
            n1: 2621440 0x10535384F: cda_sovd::sovd::components::ecu::faults::id::docs_delete (in ./target/release/opensovd-cda)
             n1: 2621440 0x104D88C57: aide::axum::routing::ApiMethodRouter<S>::delete_with (in ./target/release/opensovd-cda)
              n1: 2621440 0x104C18ADF: cda_sovd::sovd::route::{{closure}} (in ./target/release/opensovd-cda)
               n1: 2621440 0x104C1647F: cda_sovd::add_vehicle_routes::{{closure}}::{{closure}} (in ./target/release/opensovd-cda)
                n1: 2621440 0x104D35EB7: opensovd_cda_lib::setup_vehicle_and_routes::{{closure}} (in ./target/release/opensovd-cda)
                 n1: 2621440 0x104D331D7: opensovd_cda_lib::run_with_config_ext::{{closure}} (in ./target/release/opensovd-cda)
                  n1: 2621440 0x104D2F39F: opensovd_cda_lib::run_with_ext::{{closure}}::{{closure}} (in ./target/release/opensovd-cda)
                   n1: 2621440 0x104D5AFC3: <core::pin::Pin<P> as core::future::future::Future>::poll (in ./target/release/opensovd-cda)
                    n1: 2621440 0x104A35597: opensovd_cda::main (in ./target/release/opensovd-cda)
                     n1: 2621440 0x104C8DBAF: std::sys::backtrace::__rust_begin_short_backtrace (in ./target/release/opensovd-cda)
                      n1: 2621440 0x104E1715B: std::rt::lang_start::{{closure}} (in ./target/release/opensovd-cda)
                       n1: 2621440 0x1057575CB: std::rt::lang_start_internal (in ./target/release/opensovd-cda)
                        n0: 2621440 0x104A9910B: main (in ./target/release/opensovd-cda)
     n0: 0 in 10 places, all below massif's threshold (1.00%)
 n2: 1661013 0x105083553: <dhat::Alloc as core::alloc::global::GlobalAlloc>::realloc (in ./target/release/opensovd-cda)
  n2: 1170400 0x105788547: alloc::raw_vec::RawVecInner<A>::finish_grow (in ./target/release/opensovd-cda)
   n2: 1108800 0x104CB89AB: indexmap::map::IndexMap<K,V,S>::insert_full (in ./target/release/opensovd-cda)
    n1: 985600 0x104D6B1CB: <core::iter::adapters::map::Map<I,F> as core::iter::traits::iterator::Iterator>::fold (in ./target/release/opensovd-cda)
     n1: 985600 0x104E8A8AB: aide::axum::ApiRouter<S>::nest_api_service (in ./target/release/opensovd-cda)
      n1: 985600 0x104C18DFF: cda_sovd::sovd::route::{{closure}} (in ./target/release/opensovd-cda)
       n1: 985600 0x104C1647F: cda_sovd::add_vehicle_routes::{{closure}}::{{closure}} (in ./target/release/opensovd-cda)
        n1: 985600 0x104D35EB7: opensovd_cda_lib::setup_vehicle_and_routes::{{closure}} (in ./target/release/opensovd-cda)
         n1: 985600 0x104D331D7: opensovd_cda_lib::run_with_config_ext::{{closure}} (in ./target/release/opensovd-cda)
          n1: 985600 0x104D2F39F: opensovd_cda_lib::run_with_ext::{{closure}}::{{closure}} (in ./target/release/opensovd-cda)
           n1: 985600 0x104D5AFC3: <core::pin::Pin<P> as core::future::future::Future>::poll (in ./target/release/opensovd-cda)
            n1: 985600 0x104A35597: opensovd_cda::main (in ./target/release/opensovd-cda)
             n1: 985600 0x104C8DBAF: std::sys::backtrace::__rust_begin_short_backtrace (in ./target/release/opensovd-cda)
              n1: 985600 0x104E1715B: std::rt::lang_start::{{closure}} (in ./target/release/opensovd-cda)
               n1: 985600 0x1057575CB: std::rt::lang_start_internal (in ./target/release/opensovd-cda)
                n0: 985600 0x104A9910B: main (in ./target/release/opensovd-cda)
    n0: 123200 in 2 places, all below massif's threshold (1.00%)
   n0: 61600 in 2 places, all below massif's threshold (1.00%)
  n0: 490613 in 16 places, all below massif's threshold (1.00%)
 n1: 1081352 0x1057970CB: hashbrown::raw::RawTable<T,A>::reserve_rehash (in ./target/release/opensovd-cda)
  n1: 1081352 0x10508B657: hashbrown::map::HashMap<K,V,S,A>::insert (in ./target/release/opensovd-cda)
   n2: 1081352 0x105082F73: <dhat::Alloc as core::alloc::global::GlobalAlloc>::alloc (in ./target/release/opensovd-cda)
    n1: 1081352 0x1055B815F: matchit::tree::normalize_params (in ./target/release/opensovd-cda)
     n1: 1081352 0x104ADD45B: matchit::tree::Node<T>::insert (in ./target/release/opensovd-cda)
      n1: 1081352 0x104E95B93: axum::routing::path_router::Node::insert (in ./target/release/opensovd-cda)
       n1: 1081352 0x104EA231F: axum::routing::Router<S>::route (in ./target/release/opensovd-cda)
        n1: 1081352 0x104E8E27F: aide::axum::ApiRouter<S>::api_route (in ./target/release/opensovd-cda)
         n1: 1081352 0x104C185B7: cda_sovd::sovd::route::{{closure}} (in ./target/release/opensovd-cda)
          n1: 1081352 0x104C1647F: cda_sovd::add_vehicle_routes::{{closure}}::{{closure}} (in ./target/release/opensovd-cda)
           n1: 1081352 0x104D35EB7: opensovd_cda_lib::setup_vehicle_and_routes::{{closure}} (in ./target/release/opensovd-cda)
            n1: 1081352 0x104D331D7: opensovd_cda_lib::run_with_config_ext::{{closure}} (in ./target/release/opensovd-cda)
             n1: 1081352 0x104D2F39F: opensovd_cda_lib::run_with_ext::{{closure}}::{{closure}} (in ./target/release/opensovd-cda)
              n1: 1081352 0x104D5AFC3: <core::pin::Pin<P> as core::future::future::Future>::poll (in ./target/release/opensovd-cda)
               n1: 1081352 0x104A35597: opensovd_cda::main (in ./target/release/opensovd-cda)
                n1: 1081352 0x104C8DBAF: std::sys::backtrace::__rust_begin_short_backtrace (in ./target/release/opensovd-cda)
                 n1: 1081352 0x104E1715B: std::rt::lang_start::{{closure}} (in ./target/release/opensovd-cda)
                  n1: 1081352 0x1057575CB: std::rt::lang_start_internal (in ./target/release/opensovd-cda)
                   n0: 1081352 0x104A9910B: main (in ./target/release/opensovd-cda)
    n0: 0 in 8 places, all below massif's threshold (1.00%)
 n1: 819208 0x105797E8B: hashbrown::raw::RawTable<T,A>::reserve_rehash (in ./target/release/opensovd-cda)
  n1: 819208 0x10508AFF7: hashbrown::rustc_entry::<impl hashbrown::map::HashMap<K,V,S,A>>::rustc_entry (in ./target/release/opensovd-cda)
   n1: 819208 0x105080FBB: dhat::Globals::get_pp_info (in ./target/release/opensovd-cda)
    n2: 819208 0x105082F33: <dhat::Alloc as core::alloc::global::GlobalAlloc>::alloc (in ./target/release/opensovd-cda)
     n1: 819208 0x10576F06B: <alloc::string::String as core::convert::From<alloc::borrow::Cow<str>>>::from (in ./target/release/opensovd-cda)
      n1: 819208 0x1054F3203: schemars::generate::SchemaGenerator::subschema_for (in ./target/release/opensovd-cda)
       n1: 819208 0x1054F719F: schemars::json_schema_impls::sequences::<impl schemars::JsonSchema for alloc::vec::Vec<T>>::json_schema (in ./target/release/opensovd-cda)
        n1: 819208 0x1054ED8D3: schemars::generate::SchemaGenerator::subschema_for (in ./target/release/opensovd-cda)
         n1: 819208 0x105508947: sovd_interfaces::components::ecu::x::single_ecu_job::_::<impl schemars::JsonSchema for sovd_interfaces::components::ecu::x::single_ecu_job::Job>::json_schema (in ./target/release/opensovd-cda)
          n1: 819208 0x1053488B3: schemars::generate::SchemaGenerator::json_schema_internal (in ./target/release/opensovd-cda)
           n1: 819208 0x105340C73: schemars::generate::SchemaGenerator::subschema_for (in ./target/release/opensovd-cda)
            n1: 819208 0x10537DED3: aide::axum::outputs::<impl aide::operation::OperationOutput for axum::json::Json<T>>::operation_response (in ./target/release/opensovd-cda)
             n1: 819208 0x1052BD5F3: std::thread::local::LocalKey<T>::with (in ./target/release/opensovd-cda)
              n1: 819208 0x1052D97B7: aide::transform::TransformOperation::response_with (in ./target/release/opensovd-cda)
               n1: 819208 0x1053699DB: cda_sovd::sovd::components::ecu::x_single_ecu_jobs::single_ecu::name::docs_get (in ./target/release/opensovd-cda)
                n1: 819208 0x104D93187: aide::axum::routing::get_with (in ./target/release/opensovd-cda)
                 n1: 819208 0x104C188F3: cda_sovd::sovd::route::{{closure}} (in ./target/release/opensovd-cda)
                  n1: 819208 0x104C1647F: cda_sovd::add_vehicle_routes::{{closure}}::{{closure}} (in ./target/release/opensovd-cda)
                   n1: 819208 0x104D35EB7: opensovd_cda_lib::setup_vehicle_and_routes::{{closure}} (in ./target/release/opensovd-cda)
                    n1: 819208 0x104D331D7: opensovd_cda_lib::run_with_config_ext::{{closure}} (in ./target/release/opensovd-cda)
                     n1: 819208 0x104D2F39F: opensovd_cda_lib::run_with_ext::{{closure}}::{{closure}} (in ./target/release/opensovd-cda)
                      n1: 819208 0x104D5AFC3: <core::pin::Pin<P> as core::future::future::Future>::poll (in ./target/release/opensovd-cda)
                       n1: 819208 0x104A35597: opensovd_cda::main (in ./target/release/opensovd-cda)
                        n1: 819208 0x104C8DBAF: std::sys::backtrace::__rust_begin_short_backtrace (in ./target/release/opensovd-cda)
                         n1: 819208 0x104E1715B: std::rt::lang_start::{{closure}} (in ./target/release/opensovd-cda)
                          n1: 819208 0x1057575CB: std::rt::lang_start_internal (in ./target/release/opensovd-cda)
                           n0: 819208 0x104A9910B: main (in ./target/release/opensovd-cda)
     n0: 0 in 7 places, all below massif's threshold (1.00%)
 n0: 185363 in 94 places, all below massif's threshold (1.00%)
#-----------
snapshot=13
#-----------
time=6966315197
mem_heap_B=22600229
mem_heap_extra_B=6286707
mem_stacks_B=0
heap_tree=empty
#-----------
snapshot=14
#-----------
time=7551700968
mem_heap_B=23418015
mem_heap_extra_B=6344553
mem_stacks_B=0
heap_tree=empty
#-----------
snapshot=15
#-----------
time=8028234662
mem_heap_B=24096359
mem_heap_extra_B=6389401
mem_stacks_B=0
heap_tree=empty
#-----------
snapshot=16
#-----------
time=8434916653
mem_heap_B=23533845
mem_heap_extra_B=6330315
mem_stacks_B=0
heap_tree=empty
#-----------
snapshot=17
#-----------
time=8845892861
mem_heap_B=24106326
mem_heap_extra_B=6370578
mem_stacks_B=0
heap_tree=empty
#-----------
snapshot=18
#-----------
time=9339061867
mem_heap_B=24794942
mem_heap_extra_B=6416978
mem_stacks_B=0
heap_tree=empty
#-----------
snapshot=19
#-----------
time=9827289015
mem_heap_B=27483934
mem_heap_extra_B=6463450
mem_stacks_B=0
heap_tree=detailed
n7: 27483934 (heap allocation functions) malloc/new/new[], --alloc-fns, etc.
 n1: 9680688 0x1050A4D3B: alloc::vec::Vec<T,A>::into_boxed_slice (in ./target/release/opensovd-cda)
  n2: 9680688 0x105080A0F: dhat::new_backtrace_inner (in ./target/release/opensovd-cda)
   n5: 9680256 0x105082F17: <dhat::Alloc as core::alloc::global::GlobalAlloc>::alloc (in ./target/release/opensovd-cda)
    n0: 7392288 in 1881 places, all below massif's threshold (1.00%)
    n1: 674880 0x1056F5053: alloc::collections::btree::map::entry::VacantEntry<K,V,A>::insert_entry (in ./target/release/opensovd-cda)
     n1: 674880 0x1056ECCC7: alloc::collections::btree::map::BTreeMap<K,V,A>::insert (in ./target/release/opensovd-cda)
      n0: 674880 in 28 places, all below massif's threshold (1.00%)
    n1: 586032 0x10576ED37: alloc::fmt::format::format_inner (in ./target/release/opensovd-cda)
     n0: 586032 in 178 places, all below massif's threshold (1.00%)
    n1: 526512 0x10503150B: tracing_subscriber::registry::extensions::ExtensionsMut::insert (in ./target/release/opensovd-cda)
     n1: 526512 0x104F74E13: <tracing_subscriber::fmt::fmt_layer::Layer<S,N,E,W> as tracing_subscriber::layer::Layer<S>>::on_new_span (in ./target/release/opensovd-cda)
      n1: 526512 0x10502E263: <tracing_subscriber::layer::layered::Layered<L,S> as tracing_core::subscriber::Subscriber>::new_span (in ./target/release/opensovd-cda)
       n1: 526512 0x1056DD957: tracing::span::Span::new (in ./target/release/opensovd-cda)
        n0: 526512 in 241 places, all below massif's threshold (1.00%)
    n1: 500544 0x10576EFD7: <alloc::string::String as core::clone::Clone>::clone (in ./target/release/opensovd-cda)
     n0: 500544 in 173 places, all below massif's threshold (1.00%)
   n0: 432 in 2 places, all below massif's threshold (1.00%)
 n6: 9482865 0x105082E23: <dhat::Alloc as core::alloc::global::GlobalAlloc>::alloc (in ./target/release/opensovd-cda)
  n4: 5136664 0x105788563: alloc::raw_vec::RawVecInner<A>::finish_grow (in ./target/release/opensovd-cda)
   n1: 1971200 0x104C885BB: <indexmap::map::IndexMap<K,V,S> as core::iter::traits::collect::Extend<(K,V)>>::extend (in ./target/release/opensovd-cda)
    n1: 1971200 0x104E89E57: aide::axum::ApiRouter<S>::merge_api_with (in ./target/release/opensovd-cda)
     n1: 1971200 0x104E875DF: aide::axum::ApiRouter<S>::finish_api (in ./target/release/opensovd-cda)
      n2: 1971200 0x104D69F57: <core::iter::adapters::rev::Rev<I> as core::iter::traits::iterator::Iterator>::fold (in ./target/release/opensovd-cda)
       n1: 1971200 0x104C150E3: cda_sovd::dynamic_router::DynamicRouter::recompose::{{closure}} (in ./target/release/opensovd-cda)
        n1: 1971200 0x104C145F3: cda_sovd::dynamic_router::DynamicRouter::add_routes::{{closure}} (in ./target/release/opensovd-cda)
         n1: 1971200 0x104C1653B: cda_sovd::add_vehicle_routes::{{closure}}::{{closure}} (in ./target/release/opensovd-cda)
          n1: 1971200 0x104D35EB7: opensovd_cda_lib::setup_vehicle_and_routes::{{closure}} (in ./target/release/opensovd-cda)
           n1: 1971200 0x104D331D7: opensovd_cda_lib::run_with_config_ext::{{closure}} (in ./target/release/opensovd-cda)
            n1: 1971200 0x104D2F39F: opensovd_cda_lib::run_with_ext::{{closure}}::{{closure}} (in ./target/release/opensovd-cda)
             n1: 1971200 0x104D5AFC3: <core::pin::Pin<P> as core::future::future::Future>::poll (in ./target/release/opensovd-cda)
              n1: 1971200 0x104A35597: opensovd_cda::main (in ./target/release/opensovd-cda)
               n1: 1971200 0x104C8DBAF: std::sys::backtrace::__rust_begin_short_backtrace (in ./target/release/opensovd-cda)
                n1: 1971200 0x104E1715B: std::rt::lang_start::{{closure}} (in ./target/release/opensovd-cda)
                 n1: 1971200 0x1057575CB: std::rt::lang_start_internal (in ./target/release/opensovd-cda)
                  n0: 1971200 0x104A9910B: main (in ./target/release/opensovd-cda)
       n0: 0 in 1 place, below massif's threshold (1.00%)
   n2: 1971200 0x104CA937B: <indexmap::map::IndexMap<K,V,S> as core::clone::Clone>::clone (in ./target/release/opensovd-cda)
    n2: 1971200 0x104D69F0B: <core::iter::adapters::rev::Rev<I> as core::iter::traits::iterator::Iterator>::fold (in ./target/release/opensovd-cda)
     n1: 1971200 0x104C150E3: cda_sovd::dynamic_router::DynamicRouter::recompose::{{closure}} (in ./target/release/opensovd-cda)
      n1: 1971200 0x104C145F3: cda_sovd::dynamic_router::DynamicRouter::add_routes::{{closure}} (in ./target/release/opensovd-cda)
       n1: 1971200 0x104C1653B: cda_sovd::add_vehicle_routes::{{closure}}::{{closure}} (in ./target/release/opensovd-cda)
        n1: 1971200 0x104D35EB7: opensovd_cda_lib::setup_vehicle_and_routes::{{closure}} (in ./target/release/opensovd-cda)
         n1: 1971200 0x104D331D7: opensovd_cda_lib::run_with_config_ext::{{closure}} (in ./target/release/opensovd-cda)
          n1: 1971200 0x104D2F39F: opensovd_cda_lib::run_with_ext::{{closure}}::{{closure}} (in ./target/release/opensovd-cda)
           n1: 1971200 0x104D5AFC3: <core::pin::Pin<P> as core::future::future::Future>::poll (in ./target/release/opensovd-cda)
            n1: 1971200 0x104A35597: opensovd_cda::main (in ./target/release/opensovd-cda)
             n1: 1971200 0x104C8DBAF: std::sys::backtrace::__rust_begin_short_backtrace (in ./target/release/opensovd-cda)
              n1: 1971200 0x104E1715B: std::rt::lang_start::{{closure}} (in ./target/release/opensovd-cda)
               n1: 1971200 0x1057575CB: std::rt::lang_start_internal (in ./target/release/opensovd-cda)
                n0: 1971200 0x104A9910B: main (in ./target/release/opensovd-cda)
     n0: 0 in 1 place, below massif's threshold (1.00%)
    n0: 0 in 2 places, all below massif's threshold (1.00%)
   n2: 836592 0x104CB18FF: <indexmap::map::core::IndexMapCore<K,V> as core::clone::Clone>::clone (in ./target/release/opensovd-cda)
    n1: 769776 0x104CA54E3: <aide::openapi::responses::Response as core::clone::Clone>::clone (in ./target/release/opensovd-cda)
     n1: 769776 0x104CA5BB3: <aide::openapi::operation::Operation as core::clone::Clone>::clone (in ./target/release/opensovd-cda)
      n0: 769776 in 4 places, all below massif's threshold (1.00%)
    n0: 66816 in 1 place, below massif's threshold (1.00%)
   n0: 357672 in 8 places, all below massif's threshold (1.00%)
  n0: 1763385 in 1949 places, all below massif's threshold (1.00%)
  n2: 917032 0x104B81BDB: <alloc::collections::btree::map::BTreeMap<K,V,A> as core::clone::Clone>::clone::clone_subtree (in ./target/release/opensovd-cda)
   n2: 559952 0x104CA5FCB: <aide::openapi::schema::SchemaObject as core::clone::Clone>::clone (in ./target/release/opensovd-cda)
    n1: 385520 0x104CA84EF: <aide::openapi::media_type::MediaType as core::clone::Clone>::clone (in ./target/release/opensovd-cda)
     n2: 385520 0x104CB1973: <indexmap::map::core::IndexMapCore<K,V> as core::clone::Clone>::clone (in ./target/release/opensovd-cda)
      n1: 346336 0x104CA54E3: <aide::openapi::responses::Response as core::clone::Clone>::clone (in ./target/release/opensovd-cda)
       n1: 346336 0x104CA5BB3: <aide::openapi::operation::Operation as core::clone::Clone>::clone (in ./target/release/opensovd-cda)
        n0: 346336 in 4 places, all below massif's threshold (1.00%)
      n0: 39184 in 1 place, below massif's threshold (1.00%)
    n0: 174432 in 1 place, below massif's threshold (1.00%)
   n0: 357080 in 11 places, all below massif's threshold (1.00%)
  n1: 867736 0x1056F5053: alloc::collections::btree::map::entry::VacantEntry<K,V,A>::insert_entry (in ./target/release/opensovd-cda)
   n2: 867736 0x1056ECCC7: alloc::collections::btree::map::BTreeMap<K,V,A>::insert (in ./target/release/opensovd-cda)
    n0: 453776 in 27 places, all below massif's threshold (1.00%)
    n1: 413960 0x1056F8F8B: schemars::schema::Schema::new_ref (in ./target/release/opensovd-cda)
     n1: 413960 0x1056EB34F: schemars::generate::SchemaGenerator::subschema_for::find_ref (in ./target/release/opensovd-cda)
      n0: 413960 in 150 places, all below massif's threshold (1.00%)
  n1: 405112 0x105331C07: alloc::collections::btree::map::entry::VacantEntry<K,V,A>::insert_entry (in ./target/release/opensovd-cda)
   n1: 405112 0x1053129EF: alloc::collections::btree::map::BTreeMap<K,V,A>::insert (in ./target/release/opensovd-cda)
    n0: 405112 in 77 places, all below massif's threshold (1.00%)
  n1: 392936 0x1057B1F53: alloc::raw_vec::RawVecInner<A>::finish_grow (in ./target/release/opensovd-cda)
   n0: 392936 in 2 places, all below massif's threshold (1.00%)
 n1: 2621440 0x1057983CF: alloc::raw_vec::RawVecInner<A>::finish_grow (in ./target/release/opensovd-cda)
  n1: 2621440 0x105798347: alloc::raw_vec::RawVec<T,A>::grow_one (in ./target/release/opensovd-cda)
   n1: 2621440 0x105080FE3: dhat::Globals::get_pp_info (in ./target/release/opensovd-cda)
    n2: 2621440 0x105082F33: <dhat::Alloc as core::alloc::global::GlobalAlloc>::alloc (in ./target/release/opensovd-cda)
     n1: 2621440 0x10503150B: tracing_subscriber::registry::extensions::ExtensionsMut::insert (in ./target/release/opensovd-cda)
      n1: 2621440 0x104F74E13: <tracing_subscriber::fmt::fmt_layer::Layer<S,N,E,W> as tracing_subscriber::layer::Layer<S>>::on_new_span (in ./target/release/opensovd-cda)
       n1: 2621440 0x10502E263: <tracing_subscriber::layer::layered::Layered<L,S> as tracing_core::subscriber::Subscriber>::new_span (in ./target/release/opensovd-cda)
        n1: 2621440 0x1056DD957: tracing::span::Span::new (in ./target/release/opensovd-cda)
         n1: 2621440 0x1052E021B: aide::transform::TransformResponse<T>::description (in ./target/release/opensovd-cda)
          n1: 2621440 0x1052BF34B: std::thread::local::LocalKey<T>::with (in ./target/release/opensovd-cda)
           n1: 2621440 0x1052CCD43: aide::transform::TransformOperation::response_with (in ./target/release/opensovd-cda)
            n1: 2621440 0x10535384F: cda_sovd::sovd::components::ecu::faults::id::docs_delete (in ./target/release/opensovd-cda)
             n1: 2621440 0x104D88C57: aide::axum::routing::ApiMethodRouter<S>::delete_with (in ./target/release/opensovd-cda)
              n1: 2621440 0x104C18ADF: cda_sovd::sovd::route::{{closure}} (in ./target/release/opensovd-cda)
               n1: 2621440 0x104C1647F: cda_sovd::add_vehicle_routes::{{closure}}::{{closure}} (in ./target/release/opensovd-cda)
                n1: 2621440 0x104D35EB7: opensovd_cda_lib::setup_vehicle_and_routes::{{closure}} (in ./target/release/opensovd-cda)
                 n1: 2621440 0x104D331D7: opensovd_cda_lib::run_with_config_ext::{{closure}} (in ./target/release/opensovd-cda)
                  n1: 2621440 0x104D2F39F: opensovd_cda_lib::run_with_ext::{{closure}}::{{closure}} (in ./target/release/opensovd-cda)
                   n1: 2621440 0x104D5AFC3: <core::pin::Pin<P> as core::future::future::Future>::poll (in ./target/release/opensovd-cda)
                    n1: 2621440 0x104A35597: opensovd_cda::main (in ./target/release/opensovd-cda)
                     n1: 2621440 0x104C8DBAF: std::sys::backtrace::__rust_begin_short_backtrace (in ./target/release/opensovd-cda)
                      n1: 2621440 0x104E1715B: std::rt::lang_start::{{closure}} (in ./target/release/opensovd-cda)
                       n1: 2621440 0x1057575CB: std::rt::lang_start_internal (in ./target/release/opensovd-cda)
                        n0: 2621440 0x104A9910B: main (in ./target/release/opensovd-cda)
     n0: 0 in 10 places, all below massif's threshold (1.00%)
 n2: 2531674 0x105083553: <dhat::Alloc as core::alloc::global::GlobalAlloc>::realloc (in ./target/release/opensovd-cda)
  n2: 2033472 0x105788547: alloc::raw_vec::RawVecInner<A>::finish_grow (in ./target/release/opensovd-cda)
   n2: 1971200 0x104CB89AB: indexmap::map::IndexMap<K,V,S>::insert_full (in ./target/release/opensovd-cda)
    n1: 1971200 0x104B02D87: std::thread::local::LocalKey<T>::with (in ./target/release/opensovd-cda)
     n1: 1971200 0x104E8E5C3: aide::axum::ApiRouter<S>::api_route (in ./target/release/opensovd-cda)
      n1: 1971200 0x104C19FE3: cda_sovd::sovd::route::{{closure}} (in ./target/release/opensovd-cda)
       n1: 1971200 0x104C1647F: cda_sovd::add_vehicle_routes::{{closure}}::{{closure}} (in ./target/release/opensovd-cda)
        n1: 1971200 0x104D35EB7: opensovd_cda_lib::setup_vehicle_and_routes::{{closure}} (in ./target/release/opensovd-cda)
         n1: 1971200 0x104D331D7: opensovd_cda_lib::run_with_config_ext::{{closure}} (in ./target/release/opensovd-cda)
          n1: 1971200 0x104D2F39F: opensovd_cda_lib::run_with_ext::{{closure}}::{{closure}} (in ./target/release/opensovd-cda)
           n1: 1971200 0x104D5AFC3: <core::pin::Pin<P> as core::future::future::Future>::poll (in ./target/release/opensovd-cda)
            n1: 1971200 0x104A35597: opensovd_cda::main (in ./target/release/opensovd-cda)
             n1: 1971200 0x104C8DBAF: std::sys::backtrace::__rust_begin_short_backtrace (in ./target/release/opensovd-cda)
              n1: 1971200 0x104E1715B: std::rt::lang_start::{{closure}} (in ./target/release/opensovd-cda)
               n1: 1971200 0x1057575CB: std::rt::lang_start_internal (in ./target/release/opensovd-cda)
                n0: 1971200 0x104A9910B: main (in ./target/release/opensovd-cda)
    n0: 0 in 3 places, all below massif's threshold (1.00%)
   n0: 62272 in 3 places, all below massif's threshold (1.00%)
  n0: 498202 in 16 places, all below massif's threshold (1.00%)
 n1: 2162696 0x1057970CB: hashbrown::raw::RawTable<T,A>::reserve_rehash (in ./target/release/opensovd-cda)
  n1: 2162696 0x10508B657: hashbrown::map::HashMap<K,V,S,A>::insert (in ./target/release/opensovd-cda)
   n2: 2162696 0x105082F73: <dhat::Alloc as core::alloc::global::GlobalAlloc>::alloc (in ./target/release/opensovd-cda)
    n2: 2162696 0x10576EFD7: <alloc::string::String as core::clone::Clone>::clone (in ./target/release/opensovd-cda)
     n1: 2162696 0x104B81C8F: <alloc::collections::btree::map::BTreeMap<K,V,A> as core::clone::Clone>::clone::clone_subtree (in ./target/release/opensovd-cda)
      n1: 2162696 0x104CA856F: <aide::openapi::media_type::MediaType as core::clone::Clone>::clone (in ./target/release/opensovd-cda)
       n1: 2162696 0x104CB1973: <indexmap::map::core::IndexMapCore<K,V> as core::clone::Clone>::clone (in ./target/release/opensovd-cda)
        n1: 2162696 0x104CA54E3: <aide::openapi::responses::Response as core::clone::Clone>::clone (in ./target/release/opensovd-cda)
         n1: 2162696 0x104CA5BB3: <aide::openapi::operation::Operation as core::clone::Clone>::clone (in ./target/release/opensovd-cda)
          n1: 2162696 0x104CA34FF: <aide::openapi::paths::PathItem as core::clone::Clone>::clone (in ./target/release/opensovd-cda)
           n1: 2162696 0x104CA93F3: <indexmap::map::IndexMap<K,V,S> as core::clone::Clone>::clone (in ./target/release/opensovd-cda)
            n1: 2162696 0x104C14DBB: cda_sovd::dynamic_router::DynamicRouter::recompose::{{closure}} (in ./target/release/opensovd-cda)
             n1: 2162696 0x104C145F3: cda_sovd::dynamic_router::DynamicRouter::add_routes::{{closure}} (in ./target/release/opensovd-cda)
              n1: 2162696 0x104C1653B: cda_sovd::add_vehicle_routes::{{closure}}::{{closure}} (in ./target/release/opensovd-cda)
               n1: 2162696 0x104D35EB7: opensovd_cda_lib::setup_vehicle_and_routes::{{closure}} (in ./target/release/opensovd-cda)
                n1: 2162696 0x104D331D7: opensovd_cda_lib::run_with_config_ext::{{closure}} (in ./target/release/opensovd-cda)
                 n1: 2162696 0x104D2F39F: opensovd_cda_lib::run_with_ext::{{closure}}::{{closure}} (in ./target/release/opensovd-cda)
                  n1: 2162696 0x104D5AFC3: <core::pin::Pin<P> as core::future::future::Future>::poll (in ./target/release/opensovd-cda)
                   n1: 2162696 0x104A35597: opensovd_cda::main (in ./target/release/opensovd-cda)
                    n1: 2162696 0x104C8DBAF: std::sys::backtrace::__rust_begin_short_backtrace (in ./target/release/opensovd-cda)
                     n1: 2162696 0x104E1715B: std::rt::lang_start::{{closure}} (in ./target/release/opensovd-cda)
                      n1: 2162696 0x1057575CB: std::rt::lang_start_internal (in ./target/release/opensovd-cda)
                       n0: 2162696 0x104A9910B: main (in ./target/release/opensovd-cda)
     n0: 0 in 2 places, all below massif's threshold (1.00%)
    n0: 0 in 8 places, all below massif's threshold (1.00%)
 n1: 819208 0x105797E8B: hashbrown::raw::RawTable<T,A>::reserve_rehash (in ./target/release/opensovd-cda)
  n1: 819208 0x10508AFF7: hashbrown::rustc_entry::<impl hashbrown::map::HashMap<K,V,S,A>>::rustc_entry (in ./target/release/opensovd-cda)
   n1: 819208 0x105080FBB: dhat::Globals::get_pp_info (in ./target/release/opensovd-cda)
    n2: 819208 0x105082F33: <dhat::Alloc as core::alloc::global::GlobalAlloc>::alloc (in ./target/release/opensovd-cda)
     n1: 819208 0x10576F06B: <alloc::string::String as core::convert::From<alloc::borrow::Cow<str>>>::from (in ./target/release/opensovd-cda)
      n1: 819208 0x1054F3203: schemars::generate::SchemaGenerator::subschema_for (in ./target/release/opensovd-cda)
       n1: 819208 0x1054F719F: schemars::json_schema_impls::sequences::<impl schemars::JsonSchema for alloc::vec::Vec<T>>::json_schema (in ./target/release/opensovd-cda)
        n1: 819208 0x1054ED8D3: schemars::generate::SchemaGenerator::subschema_for (in ./target/release/opensovd-cda)
         n1: 819208 0x105508947: sovd_interfaces::components::ecu::x::single_ecu_job::_::<impl schemars::JsonSchema for sovd_interfaces::components::ecu::x::single_ecu_job::Job>::json_schema (in ./target/release/opensovd-cda)
          n1: 819208 0x1053488B3: schemars::generate::SchemaGenerator::json_schema_internal (in ./target/release/opensovd-cda)
           n1: 819208 0x105340C73: schemars::generate::SchemaGenerator::subschema_for (in ./target/release/opensovd-cda)
            n1: 819208 0x10537DED3: aide::axum::outputs::<impl aide::operation::OperationOutput for axum::json::Json<T>>::operation_response (in ./target/release/opensovd-cda)
             n1: 819208 0x1052BD5F3: std::thread::local::LocalKey<T>::with (in ./target/release/opensovd-cda)
              n1: 819208 0x1052D97B7: aide::transform::TransformOperation::response_with (in ./target/release/opensovd-cda)
               n1: 819208 0x1053699DB: cda_sovd::sovd::components::ecu::x_single_ecu_jobs::single_ecu::name::docs_get (in ./target/release/opensovd-cda)
                n1: 819208 0x104D93187: aide::axum::routing::get_with (in ./target/release/opensovd-cda)
                 n1: 819208 0x104C188F3: cda_sovd::sovd::route::{{closure}} (in ./target/release/opensovd-cda)
                  n1: 819208 0x104C1647F: cda_sovd::add_vehicle_routes::{{closure}}::{{closure}} (in ./target/release/opensovd-cda)
                   n1: 819208 0x104D35EB7: opensovd_cda_lib::setup_vehicle_and_routes::{{closure}} (in ./target/release/opensovd-cda)
                    n1: 819208 0x104D331D7: opensovd_cda_lib::run_with_config_ext::{{closure}} (in ./target/release/opensovd-cda)
                     n1: 819208 0x104D2F39F: opensovd_cda_lib::run_with_ext::{{closure}}::{{closure}} (in ./target/release/opensovd-cda)
                      n1: 819208 0x104D5AFC3: <core::pin::Pin<P> as core::future::future::Future>::poll (in ./target/release/opensovd-cda)
                       n1: 819208 0x104A35597: opensovd_cda::main (in ./target/release/opensovd-cda)
                        n1: 819208 0x104C8DBAF: std::sys::backtrace::__rust_begin_short_backtrace (in ./target/release/opensovd-cda)
                         n1: 819208 0x104E1715B: std::rt::lang_start::{{closure}} (in ./target/release/opensovd-cda)
                          n1: 819208 0x1057575CB: std::rt::lang_start_internal (in ./target/release/opensovd-cda)
                           n0: 819208 0x104A9910B: main (in ./target/release/opensovd-cda)
     n0: 0 in 7 places, all below massif's threshold (1.00%)
 n0: 185363 in 94 places, all below massif's threshold (1.00%)
#-----------
snapshot=20
#-----------
time=10300799688
mem_heap_B=27348299
mem_heap_extra_B=6492301
mem_stacks_B=0
heap_tree=empty
#-----------
snapshot=21
#-----------
time=10949201601
mem_heap_B=28251679
mem_heap_extra_B=6556473
mem_stacks_B=0
heap_tree=empty
#-----------
snapshot=22
#-----------
time=11415408811
mem_heap_B=28914761
mem_heap_extra_B=6600503
mem_stacks_B=0
heap_tree=empty
#-----------
snapshot=23
#-----------
time=11756071278
mem_heap_B=27163578
mem_heap_extra_B=6524094
mem_stacks_B=0
heap_tree=empty
#-----------
snapshot=24
#-----------
time=12348012412
mem_heap_B=28000342
mem_heap_extra_B=6584842
mem_stacks_B=0
heap_tree=empty
#-----------
snapshot=25
#-----------
time=12821557990
mem_heap_B=28663411
mem_heap_extra_B=6630085
mem_stacks_B=0
heap_tree=empty
#-----------
snapshot=26
#-----------
time=13454263209
mem_heap_B=27233536
mem_heap_extra_B=6562896
mem_stacks_B=0
heap_tree=empty
#-----------
snapshot=27
#-----------
time=13927794810
mem_heap_B=27896376
mem_heap_extra_B=6609368
mem_stacks_B=0
heap_tree=empty
#-----------
snapshot=28
#-----------
time=14282920621
mem_heap_B=28393190
mem_heap_extra_B=6642610
mem_stacks_B=0
heap_tree=empty
#-----------
snapshot=29
#-----------
time=14638109244
mem_heap_B=28891222
mem_heap_extra_B=6675818
mem_stacks_B=0
heap_tree=empty
#-----------
snapshot=30
#-----------
time=15111665572
mem_heap_B=26930407
mem_heap_extra_B=8261121
mem_stacks_B=0
heap_tree=empty
#-----------
snapshot=31
#-----------
time=15585255085
mem_heap_B=27204989
mem_heap_extra_B=8310283
mem_stacks_B=0
heap_tree=detailed
n7: 27204989 (heap allocation functions) malloc/new/new[], --alloc-fns, etc.
 n1: 10197264 0x1050A4D3B: alloc::vec::Vec<T,A>::into_boxed_slice (in ./target/release/opensovd-cda)
  n2: 10197264 0x105080A0F: dhat::new_backtrace_inner (in ./target/release/opensovd-cda)
   n5: 10196832 0x105082F17: <dhat::Alloc as core::alloc::global::GlobalAlloc>::alloc (in ./target/release/opensovd-cda)
    n0: 7795248 in 1974 places, all below massif's threshold (1.00%)
    n1: 688800 0x1056F5053: alloc::collections::btree::map::entry::VacantEntry<K,V,A>::insert_entry (in ./target/release/opensovd-cda)
     n1: 688800 0x1056ECCC7: alloc::collections::btree::map::BTreeMap<K,V,A>::insert (in ./target/release/opensovd-cda)
      n0: 688800 in 28 places, all below massif's threshold (1.00%)
    n1: 602352 0x10576ED37: alloc::fmt::format::format_inner (in ./target/release/opensovd-cda)
     n0: 602352 in 180 places, all below massif's threshold (1.00%)
    n1: 580080 0x10576EFD7: <alloc::string::String as core::clone::Clone>::clone (in ./target/release/opensovd-cda)
     n0: 580080 in 175 places, all below massif's threshold (1.00%)
    n1: 530352 0x10503150B: tracing_subscriber::registry::extensions::ExtensionsMut::insert (in ./target/release/opensovd-cda)
     n1: 530352 0x104F74E13: <tracing_subscriber::fmt::fmt_layer::Layer<S,N,E,W> as tracing_subscriber::layer::Layer<S>>::on_new_span (in ./target/release/opensovd-cda)
      n1: 530352 0x10502E263: <tracing_subscriber::layer::layered::Layered<L,S> as tracing_core::subscriber::Subscriber>::new_span (in ./target/release/opensovd-cda)
       n1: 530352 0x1056DD957: tracing::span::Span::new (in ./target/release/opensovd-cda)
        n0: 530352 in 248 places, all below massif's threshold (1.00%)
   n0: 432 in 2 places, all below massif's threshold (1.00%)
 n3: 6017014 0x105083553: <dhat::Alloc as core::alloc::global::GlobalAlloc>::realloc (in ./target/release/opensovd-cda)
  n3: 3943072 0x105788547: alloc::raw_vec::RawVecInner<A>::finish_grow (in ./target/release/opensovd-cda)
   n2: 1971200 0x104CB89AB: indexmap::map::IndexMap<K,V,S>::insert_full (in ./target/release/opensovd-cda)
    n1: 1971200 0x104B02D87: std::thread::local::LocalKey<T>::with (in ./target/release/opensovd-cda)
     n1: 1971200 0x104E8E5C3: aide::axum::ApiRouter<S>::api_route (in ./target/release/opensovd-cda)
      n1: 1971200 0x104C19FE3: cda_sovd::sovd::route::{{closure}} (in ./target/release/opensovd-cda)
       n1: 1971200 0x104C1647F: cda_sovd::add_vehicle_routes::{{closure}}::{{closure}} (in ./target/release/opensovd-cda)
        n1: 1971200 0x104D35EB7: opensovd_cda_lib::setup_vehicle_and_routes::{{closure}} (in ./target/release/opensovd-cda)
         n1: 1971200 0x104D331D7: opensovd_cda_lib::run_with_config_ext::{{closure}} (in ./target/release/opensovd-cda)
          n1: 1971200 0x104D2F39F: opensovd_cda_lib::run_with_ext::{{closure}}::{{closure}} (in ./target/release/opensovd-cda)
           n1: 1971200 0x104D5AFC3: <core::pin::Pin<P> as core::future::future::Future>::poll (in ./target/release/opensovd-cda)
            n1: 1971200 0x104A35597: opensovd_cda::main (in ./target/release/opensovd-cda)
             n1: 1971200 0x104C8DBAF: std::sys::backtrace::__rust_begin_short_backtrace (in ./target/release/opensovd-cda)
              n1: 1971200 0x104E1715B: std::rt::lang_start::{{closure}} (in ./target/release/opensovd-cda)
               n1: 1971200 0x1057575CB: std::rt::lang_start_internal (in ./target/release/opensovd-cda)
                n0: 1971200 0x104A9910B: main (in ./target/release/opensovd-cda)
    n0: 0 in 3 places, all below massif's threshold (1.00%)
   n1: 1971200 0x104CBAB27: indexmap::map::core::IndexMapCore<K,V>::push_entry (in ./target/release/opensovd-cda)
    n1: 1971200 0x104CBAFAF: indexmap::map::core::entry::Entry<K,V>::or_insert (in ./target/release/opensovd-cda)
     n2: 1971200 0x104D6A103: <core::iter::adapters::rev::Rev<I> as core::iter::traits::iterator::Iterator>::fold (in ./target/release/opensovd-cda)
      n1: 1971200 0x104D5ED87: cda_sovd::dynamic_router::DynamicRouter::recompose::{{closure}} (in ./target/release/opensovd-cda)
       n2: 1971200 0x104D5E47F: cda_sovd::dynamic_router::DynamicRouter::add_routes::{{closure}} (in ./target/release/opensovd-cda)
        n1: 1971200 0x104D376F7: opensovd_cda_lib::setup_vehicle_and_routes::{{closure}} (in ./target/release/opensovd-cda)
         n1: 1971200 0x104D331D7: opensovd_cda_lib::run_with_config_ext::{{closure}} (in ./target/release/opensovd-cda)
          n1: 1971200 0x104D2F39F: opensovd_cda_lib::run_with_ext::{{closure}}::{{closure}} (in ./target/release/opensovd-cda)
           n1: 1971200 0x104D5AFC3: <core::pin::Pin<P> as core::future::future::Future>::poll (in ./target/release/opensovd-cda)
            n1: 1971200 0x104A35597: opensovd_cda::main (in ./target/release/opensovd-cda)
             n1: 1971200 0x104C8DBAF: std::sys::backtrace::__rust_begin_short_backtrace (in ./target/release/opensovd-cda)
              n1: 1971200 0x104E1715B: std::rt::lang_start::{{closure}} (in ./target/release/opensovd-cda)
               n1: 1971200 0x1057575CB: std::rt::lang_start_internal (in ./target/release/opensovd-cda)
                n0: 1971200 0x104A9910B: main (in ./target/release/opensovd-cda)
        n0: 0 in 1 place, below massif's threshold (1.00%)
      n0: 0 in 1 place, below massif's threshold (1.00%)
   n0: 672 in 2 places, all below massif's threshold (1.00%)
  n1: 1578728 0x1055543FB: aide::swagger::get_static_str (in ./target/release/opensovd-cda)
   n1: 1578728 0x104D5F69F: cda_sovd::add_openapi_routes::{{closure}}::{{closure}} (in ./target/release/opensovd-cda)
    n1: 1578728 0x104D5ED47: cda_sovd::dynamic_router::DynamicRouter::recompose::{{closure}} (in ./target/release/opensovd-cda)
     n1: 1578728 0x104D5E7A7: cda_sovd::dynamic_router::DynamicRouter::add_finalizer::{{closure}} (in ./target/release/opensovd-cda)
      n1: 1578728 0x104D3780B: opensovd_cda_lib::setup_vehicle_and_routes::{{closure}} (in ./target/release/opensovd-cda)
       n1: 1578728 0x104D331D7: opensovd_cda_lib::run_with_config_ext::{{closure}} (in ./target/release/opensovd-cda)
        n1: 1578728 0x104D2F39F: opensovd_cda_lib::run_with_ext::{{closure}}::{{closure}} (in ./target/release/opensovd-cda)
         n1: 1578728 0x104D5AFC3: <core::pin::Pin<P> as core::future::future::Future>::poll (in ./target/release/opensovd-cda)
          n1: 1578728 0x104A35597: opensovd_cda::main (in ./target/release/opensovd-cda)
           n1: 1578728 0x104C8DBAF: std::sys::backtrace::__rust_begin_short_backtrace (in ./target/release/opensovd-cda)
            n1: 1578728 0x104E1715B: std::rt::lang_start::{{closure}} (in ./target/release/opensovd-cda)
             n1: 1578728 0x1057575CB: std::rt::lang_start_internal (in ./target/release/opensovd-cda)
              n0: 1578728 0x104A9910B: main (in ./target/release/opensovd-cda)
  n0: 495214 in 16 places, all below massif's threshold (1.00%)
 n5: 5194836 0x105082E23: <dhat::Alloc as core::alloc::global::GlobalAlloc>::alloc (in ./target/release/opensovd-cda)
  n0: 2076044 in 2046 places, all below massif's threshold (1.00%)
  n2: 1194456 0x105788563: alloc::raw_vec::RawVecInner<A>::finish_grow (in ./target/release/opensovd-cda)
   n2: 836592 0x104CB18FF: <indexmap::map::core::IndexMapCore<K,V> as core::clone::Clone>::clone (in ./target/release/opensovd-cda)
    n1: 769776 0x104CA54E3: <aide::openapi::responses::Response as core::clone::Clone>::clone (in ./target/release/opensovd-cda)
     n1: 769776 0x104CA5BB3: <aide::openapi::operation::Operation as core::clone::Clone>::clone (in ./target/release/opensovd-cda)
      n0: 769776 in 4 places, all below massif's threshold (1.00%)
    n0: 66816 in 1 place, below massif's threshold (1.00%)
   n0: 357864 in 11 places, all below massif's threshold (1.00%)
  n2: 917032 0x104B81BDB: <alloc::collections::btree::map::BTreeMap<K,V,A> as core::clone::Clone>::clone::clone_subtree (in ./target/release/opensovd-cda)
   n2: 559952 0x104CA5FCB: <aide::openapi::schema::SchemaObject as core::clone::Clone>::clone (in ./target/release/opensovd-cda)
    n1: 385520 0x104CA84EF: <aide::openapi::media_type::MediaType as core::clone::Clone>::clone (in ./target/release/opensovd-cda)
     n1: 385520 0x104CB1973: <indexmap::map::core::IndexMapCore<K,V> as core::clone::Clone>::clone (in ./target/release/opensovd-cda)
      n0: 385520 in 2 places, all below massif's threshold (1.00%)
    n0: 174432 in 1 place, below massif's threshold (1.00%)
   n0: 357080 in 11 places, all below massif's threshold (1.00%)
  n1: 614304 0x1056F5053: alloc::collections::btree::map::entry::VacantEntry<K,V,A>::insert_entry (in ./target/release/opensovd-cda)
   n2: 614304 0x1056ECCC7: alloc::collections::btree::map::BTreeMap<K,V,A>::insert (in ./target/release/opensovd-cda)
    n1: 396896 0x1056F8F8B: schemars::schema::Schema::new_ref (in ./target/release/opensovd-cda)
     n1: 396896 0x1056EB34F: schemars::generate::SchemaGenerator::subschema_for::find_ref (in ./target/release/opensovd-cda)
      n0: 396896 in 151 places, all below massif's threshold (1.00%)
    n0: 217408 in 27 places, all below massif's threshold (1.00%)
  n1: 393000 0x1057B1F53: alloc::raw_vec::RawVecInner<A>::finish_grow (in ./target/release/opensovd-cda)
   n0: 393000 in 3 places, all below massif's threshold (1.00%)
 n1: 2621440 0x1057983CF: alloc::raw_vec::RawVecInner<A>::finish_grow (in ./target/release/opensovd-cda)
  n1: 2621440 0x105798347: alloc::raw_vec::RawVec<T,A>::grow_one (in ./target/release/opensovd-cda)
   n1: 2621440 0x105080FE3: dhat::Globals::get_pp_info (in ./target/release/opensovd-cda)
    n2: 2621440 0x105082F33: <dhat::Alloc as core::alloc::global::GlobalAlloc>::alloc (in ./target/release/opensovd-cda)
     n1: 2621440 0x10503150B: tracing_subscriber::registry::extensions::ExtensionsMut::insert (in ./target/release/opensovd-cda)
      n1: 2621440 0x104F74E13: <tracing_subscriber::fmt::fmt_layer::Layer<S,N,E,W> as tracing_subscriber::layer::Layer<S>>::on_new_span (in ./target/release/opensovd-cda)
       n1: 2621440 0x10502E263: <tracing_subscriber::layer::layered::Layered<L,S> as tracing_core::subscriber::Subscriber>::new_span (in ./target/release/opensovd-cda)
        n1: 2621440 0x1056DD957: tracing::span::Span::new (in ./target/release/opensovd-cda)
         n1: 2621440 0x1052E021B: aide::transform::TransformResponse<T>::description (in ./target/release/opensovd-cda)
          n1: 2621440 0x1052BF34B: std::thread::local::LocalKey<T>::with (in ./target/release/opensovd-cda)
           n1: 2621440 0x1052CCD43: aide::transform::TransformOperation::response_with (in ./target/release/opensovd-cda)
            n1: 2621440 0x10535384F: cda_sovd::sovd::components::ecu::faults::id::docs_delete (in ./target/release/opensovd-cda)
             n1: 2621440 0x104D88C57: aide::axum::routing::ApiMethodRouter<S>::delete_with (in ./target/release/opensovd-cda)
              n1: 2621440 0x104C18ADF: cda_sovd::sovd::route::{{closure}} (in ./target/release/opensovd-cda)
               n1: 2621440 0x104C1647F: cda_sovd::add_vehicle_routes::{{closure}}::{{closure}} (in ./target/release/opensovd-cda)
                n1: 2621440 0x104D35EB7: opensovd_cda_lib::setup_vehicle_and_routes::{{closure}} (in ./target/release/opensovd-cda)
                 n1: 2621440 0x104D331D7: opensovd_cda_lib::run_with_config_ext::{{closure}} (in ./target/release/opensovd-cda)
                  n1: 2621440 0x104D2F39F: opensovd_cda_lib::run_with_ext::{{closure}}::{{closure}} (in ./target/release/opensovd-cda)
                   n1: 2621440 0x104D5AFC3: <core::pin::Pin<P> as core::future::future::Future>::poll (in ./target/release/opensovd-cda)
                    n1: 2621440 0x104A35597: opensovd_cda::main (in ./target/release/opensovd-cda)
                     n1: 2621440 0x104C8DBAF: std::sys::backtrace::__rust_begin_short_backtrace (in ./target/release/opensovd-cda)
                      n1: 2621440 0x104E1715B: std::rt::lang_start::{{closure}} (in ./target/release/opensovd-cda)
                       n1: 2621440 0x1057575CB: std::rt::lang_start_internal (in ./target/release/opensovd-cda)
                        n0: 2621440 0x104A9910B: main (in ./target/release/opensovd-cda)
     n0: 0 in 10 places, all below massif's threshold (1.00%)
 n1: 2162696 0x1057970CB: hashbrown::raw::RawTable<T,A>::reserve_rehash (in ./target/release/opensovd-cda)
  n1: 2162696 0x10508B657: hashbrown::map::HashMap<K,V,S,A>::insert (in ./target/release/opensovd-cda)
   n2: 2162696 0x105082F73: <dhat::Alloc as core::alloc::global::GlobalAlloc>::alloc (in ./target/release/opensovd-cda)
    n2: 2162696 0x10576EFD7: <alloc::string::String as core::clone::Clone>::clone (in ./target/release/opensovd-cda)
     n1: 2162696 0x104B81C8F: <alloc::collections::btree::map::BTreeMap<K,V,A> as core::clone::Clone>::clone::clone_subtree (in ./target/release/opensovd-cda)
      n1: 2162696 0x104CA856F: <aide::openapi::media_type::MediaType as core::clone::Clone>::clone (in ./target/release/opensovd-cda)
       n1: 2162696 0x104CB1973: <indexmap::map::core::IndexMapCore<K,V> as core::clone::Clone>::clone (in ./target/release/opensovd-cda)
        n1: 2162696 0x104CA54E3: <aide::openapi::responses::Response as core::clone::Clone>::clone (in ./target/release/opensovd-cda)
         n1: 2162696 0x104CA5BB3: <aide::openapi::operation::Operation as core::clone::Clone>::clone (in ./target/release/opensovd-cda)
          n1: 2162696 0x104CA34FF: <aide::openapi::paths::PathItem as core::clone::Clone>::clone (in ./target/release/opensovd-cda)
           n1: 2162696 0x104CA93F3: <indexmap::map::IndexMap<K,V,S> as core::clone::Clone>::clone (in ./target/release/opensovd-cda)
            n1: 2162696 0x104C14DBB: cda_sovd::dynamic_router::DynamicRouter::recompose::{{closure}} (in ./target/release/opensovd-cda)
             n1: 2162696 0x104C145F3: cda_sovd::dynamic_router::DynamicRouter::add_routes::{{closure}} (in ./target/release/opensovd-cda)
              n1: 2162696 0x104C1653B: cda_sovd::add_vehicle_routes::{{closure}}::{{closure}} (in ./target/release/opensovd-cda)
               n1: 2162696 0x104D35EB7: opensovd_cda_lib::setup_vehicle_and_routes::{{closure}} (in ./target/release/opensovd-cda)
                n1: 2162696 0x104D331D7: opensovd_cda_lib::run_with_config_ext::{{closure}} (in ./target/release/opensovd-cda)
                 n1: 2162696 0x104D2F39F: opensovd_cda_lib::run_with_ext::{{closure}}::{{closure}} (in ./target/release/opensovd-cda)
                  n1: 2162696 0x104D5AFC3: <core::pin::Pin<P> as core::future::future::Future>::poll (in ./target/release/opensovd-cda)
                   n1: 2162696 0x104A35597: opensovd_cda::main (in ./target/release/opensovd-cda)
                    n1: 2162696 0x104C8DBAF: std::sys::backtrace::__rust_begin_short_backtrace (in ./target/release/opensovd-cda)
                     n1: 2162696 0x104E1715B: std::rt::lang_start::{{closure}} (in ./target/release/opensovd-cda)
                      n1: 2162696 0x1057575CB: std::rt::lang_start_internal (in ./target/release/opensovd-cda)
                       n0: 2162696 0x104A9910B: main (in ./target/release/opensovd-cda)
     n0: 0 in 2 places, all below massif's threshold (1.00%)
    n0: 0 in 8 places, all below massif's threshold (1.00%)
 n1: 819208 0x105797E8B: hashbrown::raw::RawTable<T,A>::reserve_rehash (in ./target/release/opensovd-cda)
  n1: 819208 0x10508AFF7: hashbrown::rustc_entry::<impl hashbrown::map::HashMap<K,V,S,A>>::rustc_entry (in ./target/release/opensovd-cda)
   n1: 819208 0x105080FBB: dhat::Globals::get_pp_info (in ./target/release/opensovd-cda)
    n2: 819208 0x105082F33: <dhat::Alloc as core::alloc::global::GlobalAlloc>::alloc (in ./target/release/opensovd-cda)
     n1: 819208 0x10576F06B: <alloc::string::String as core::convert::From<alloc::borrow::Cow<str>>>::from (in ./target/release/opensovd-cda)
      n1: 819208 0x1054F3203: schemars::generate::SchemaGenerator::subschema_for (in ./target/release/opensovd-cda)
       n1: 819208 0x1054F719F: schemars::json_schema_impls::sequences::<impl schemars::JsonSchema for alloc::vec::Vec<T>>::json_schema (in ./target/release/opensovd-cda)
        n1: 819208 0x1054ED8D3: schemars::generate::SchemaGenerator::subschema_for (in ./target/release/opensovd-cda)
         n1: 819208 0x105508947: sovd_interfaces::components::ecu::x::single_ecu_job::_::<impl schemars::JsonSchema for sovd_interfaces::components::ecu::x::single_ecu_job::Job>::json_schema (in ./target/release/opensovd-cda)
          n1: 819208 0x1053488B3: schemars::generate::SchemaGenerator::json_schema_internal (in ./target/release/opensovd-cda)
           n1: 819208 0x105340C73: schemars::generate::SchemaGenerator::subschema_for (in ./target/release/opensovd-cda)
            n1: 819208 0x10537DED3: aide::axum::outputs::<impl aide::operation::OperationOutput for axum::json::Json<T>>::operation_response (in ./target/release/opensovd-cda)
             n1: 819208 0x1052BD5F3: std::thread::local::LocalKey<T>::with (in ./target/release/opensovd-cda)
              n1: 819208 0x1052D97B7: aide::transform::TransformOperation::response_with (in ./target/release/opensovd-cda)
               n1: 819208 0x1053699DB: cda_sovd::sovd::components::ecu::x_single_ecu_jobs::single_ecu::name::docs_get (in ./target/release/opensovd-cda)
                n1: 819208 0x104D93187: aide::axum::routing::get_with (in ./target/release/opensovd-cda)
                 n1: 819208 0x104C188F3: cda_sovd::sovd::route::{{closure}} (in ./target/release/opensovd-cda)
                  n1: 819208 0x104C1647F: cda_sovd::add_vehicle_routes::{{closure}}::{{closure}} (in ./target/release/opensovd-cda)
                   n1: 819208 0x104D35EB7: opensovd_cda_lib::setup_vehicle_and_routes::{{closure}} (in ./target/release/opensovd-cda)
                    n1: 819208 0x104D331D7: opensovd_cda_lib::run_with_config_ext::{{closure}} (in ./target/release/opensovd-cda)
                     n1: 819208 0x104D2F39F: opensovd_cda_lib::run_with_ext::{{closure}}::{{closure}} (in ./target/release/opensovd-cda)
                      n1: 819208 0x104D5AFC3: <core::pin::Pin<P> as core::future::future::Future>::poll (in ./target/release/opensovd-cda)
                       n1: 819208 0x104A35597: opensovd_cda::main (in ./target/release/opensovd-cda)
                        n1: 819208 0x104C8DBAF: std::sys::backtrace::__rust_begin_short_backtrace (in ./target/release/opensovd-cda)
                         n1: 819208 0x104E1715B: std::rt::lang_start::{{closure}} (in ./target/release/opensovd-cda)
                          n1: 819208 0x1057575CB: std::rt::lang_start_internal (in ./target/release/opensovd-cda)
                           n0: 819208 0x104A9910B: main (in ./target/release/opensovd-cda)
     n0: 0 in 7 places, all below massif's threshold (1.00%)
 n0: 192531 in 94 places, all below massif's threshold (1.00%)
#-----------
snapshot=32
#-----------
time=15982045020
mem_heap_B=29115378
mem_heap_extra_B=8395382
mem_stacks_B=0
heap_tree=empty
#-----------
snapshot=33
#-----------
time=16483342318
mem_heap_B=29818779
mem_heap_extra_B=8445109
mem_stacks_B=0
heap_tree=detailed
n7: 29818779 (heap allocation functions) malloc/new/new[], --alloc-fns, etc.
 n1: 10394064 0x1050A4D3B: alloc::vec::Vec<T,A>::into_boxed_slice (in ./target/release/opensovd-cda)
  n2: 10394064 0x105080A0F: dhat::new_backtrace_inner (in ./target/release/opensovd-cda)
   n5: 10393632 0x105082F17: <dhat::Alloc as core::alloc::global::GlobalAlloc>::alloc (in ./target/release/opensovd-cda)
    n0: 7950768 in 1984 places, all below massif's threshold (1.00%)
    n1: 696000 0x1056F5053: alloc::collections::btree::map::entry::VacantEntry<K,V,A>::insert_entry (in ./target/release/opensovd-cda)
     n1: 696000 0x1056ECCC7: alloc::collections::btree::map::BTreeMap<K,V,A>::insert (in ./target/release/opensovd-cda)
      n0: 696000 in 28 places, all below massif's threshold (1.00%)
    n1: 621072 0x10576ED37: alloc::fmt::format::format_inner (in ./target/release/opensovd-cda)
     n0: 621072 in 180 places, all below massif's threshold (1.00%)
    n1: 594960 0x10576EFD7: <alloc::string::String as core::clone::Clone>::clone (in ./target/release/opensovd-cda)
     n0: 594960 in 175 places, all below massif's threshold (1.00%)
    n1: 530832 0x10503150B: tracing_subscriber::registry::extensions::ExtensionsMut::insert (in ./target/release/opensovd-cda)
     n1: 530832 0x104F74E13: <tracing_subscriber::fmt::fmt_layer::Layer<S,N,E,W> as tracing_subscriber::layer::Layer<S>>::on_new_span (in ./target/release/opensovd-cda)
      n1: 530832 0x10502E263: <tracing_subscriber::layer::layered::Layered<L,S> as tracing_core::subscriber::Subscriber>::new_span (in ./target/release/opensovd-cda)
       n1: 530832 0x1056DD957: tracing::span::Span::new (in ./target/release/opensovd-cda)
        n0: 530832 in 248 places, all below massif's threshold (1.00%)
   n0: 432 in 2 places, all below massif's threshold (1.00%)
 n4: 7613198 0x105082E23: <dhat::Alloc as core::alloc::global::GlobalAlloc>::alloc (in ./target/release/opensovd-cda)
  n3: 3549576 0x105788563: alloc::raw_vec::RawVecInner<A>::finish_grow (in ./target/release/opensovd-cda)
   n2: 1971200 0x104CA937B: <indexmap::map::IndexMap<K,V,S> as core::clone::Clone>::clone (in ./target/release/opensovd-cda)
    n2: 1971200 0x104D69F0B: <core::iter::adapters::rev::Rev<I> as core::iter::traits::iterator::Iterator>::fold (in ./target/release/opensovd-cda)
     n2: 1971200 0x104D5ED87: cda_sovd::dynamic_router::DynamicRouter::recompose::{{closure}} (in ./target/release/opensovd-cda)
      n1: 1971200 0x104D5E7A7: cda_sovd::dynamic_router::DynamicRouter::add_finalizer::{{closure}} (in ./target/release/opensovd-cda)
       n1: 1971200 0x104D3780B: opensovd_cda_lib::setup_vehicle_and_routes::{{closure}} (in ./target/release/opensovd-cda)
        n1: 1971200 0x104D331D7: opensovd_cda_lib::run_with_config_ext::{{closure}} (in ./target/release/opensovd-cda)
         n1: 1971200 0x104D2F39F: opensovd_cda_lib::run_with_ext::{{closure}}::{{closure}} (in ./target/release/opensovd-cda)
          n1: 1971200 0x104D5AFC3: <core::pin::Pin<P> as core::future::future::Future>::poll (in ./target/release/opensovd-cda)
           n1: 1971200 0x104A35597: opensovd_cda::main (in ./target/release/opensovd-cda)
            n1: 1971200 0x104C8DBAF: std::sys::backtrace::__rust_begin_short_backtrace (in ./target/release/opensovd-cda)
             n1: 1971200 0x104E1715B: std::rt::lang_start::{{closure}} (in ./target/release/opensovd-cda)
              n1: 1971200 0x1057575CB: std::rt::lang_start_internal (in ./target/release/opensovd-cda)
               n0: 1971200 0x104A9910B: main (in ./target/release/opensovd-cda)
      n0: 0 in 1 place, below massif's threshold (1.00%)
     n0: 0 in 1 place, below massif's threshold (1.00%)
    n0: 0 in 2 places, all below massif's threshold (1.00%)
   n2: 1124736 0x104CB18FF: <indexmap::map::core::IndexMapCore<K,V> as core::clone::Clone>::clone (in ./target/release/opensovd-cda)
    n1: 1035648 0x104CA54E3: <aide::openapi::responses::Response as core::clone::Clone>::clone (in ./target/release/opensovd-cda)
     n2: 1035648 0x104CA5BB3: <aide::openapi::operation::Operation as core::clone::Clone>::clone (in ./target/release/opensovd-cda)
      n0: 577680 in 3 places, all below massif's threshold (1.00%)
      n1: 457968 0x104CA34FF: <aide::openapi::paths::PathItem as core::clone::Clone>::clone (in ./target/release/opensovd-cda)
       n2: 457968 0x104CA93F3: <indexmap::map::IndexMap<K,V,S> as core::clone::Clone>::clone (in ./target/release/opensovd-cda)
        n2: 457968 0x104D69F0B: <core::iter::adapters::rev::Rev<I> as core::iter::traits::iterator::Iterator>::fold (in ./target/release/opensovd-cda)
         n1: 457968 0x104D5ED87: cda_sovd::dynamic_router::DynamicRouter::recompose::{{closure}} (in ./target/release/opensovd-cda)
          n0: 457968 in 2 places, all below massif's threshold (1.00%)
         n0: 0 in 1 place, below massif's threshold (1.00%)
        n0: 0 in 2 places, all below massif's threshold (1.00%)
    n0: 89088 in 1 place, below massif's threshold (1.00%)
   n0: 453640 in 10 places, all below massif's threshold (1.00%)
  n0: 2440750 in 2057 places, all below massif's threshold (1.00%)
  n3: 1229872 0x104B81BDB: <alloc::collections::btree::map::BTreeMap<K,V,A> as core::clone::Clone>::clone::clone_subtree (in ./target/release/opensovd-cda)
   n2: 752712 0x104CA5FCB: <aide::openapi::schema::SchemaObject as core::clone::Clone>::clone (in ./target/release/opensovd-cda)
    n1: 518240 0x104CA84EF: <aide::openapi::media_type::MediaType as core::clone::Clone>::clone (in ./target/release/opensovd-cda)
     n2: 518240 0x104CB1973: <indexmap::map::core::IndexMapCore<K,V> as core::clone::Clone>::clone (in ./target/release/opensovd-cda)
      n1: 466416 0x104CA54E3: <aide::openapi::responses::Response as core::clone::Clone>::clone (in ./target/release/opensovd-cda)
       n1: 466416 0x104CA5BB3: <aide::openapi::operation::Operation as core::clone::Clone>::clone (in ./target/release/opensovd-cda)
        n0: 466416 in 4 places, all below massif's threshold (1.00%)
      n0: 51824 in 1 place, below massif's threshold (1.00%)
    n0: 234472 in 1 place, below massif's threshold (1.00%)
   n1: 398792 0x104CA856F: <aide::openapi::media_type::MediaType as core::clone::Clone>::clone (in ./target/release/opensovd-cda)
    n1: 398792 0x104CB1973: <indexmap::map::core::IndexMapCore<K,V> as core::clone::Clone>::clone (in ./target/release/opensovd-cda)
     n1: 398792 0x104CA54E3: <aide::openapi::responses::Response as core::clone::Clone>::clone (in ./target/release/opensovd-cda)
      n1: 398792 0x104CA5BB3: <aide::openapi::operation::Operation as core::clone::Clone>::clone (in ./target/release/opensovd-cda)
       n0: 398792 in 4 places, all below massif's threshold (1.00%)
   n0: 78368 in 10 places, all below massif's threshold (1.00%)
  n1: 393000 0x1057B1F53: alloc::raw_vec::RawVecInner<A>::finish_grow (in ./target/release/opensovd-cda)
   n0: 393000 in 3 places, all below massif's threshold (1.00%)
 n3: 6015642 0x105083553: <dhat::Alloc as core::alloc::global::GlobalAlloc>::realloc (in ./target/release/opensovd-cda)
  n3: 3943072 0x105788547: alloc::raw_vec::RawVecInner<A>::finish_grow (in ./target/release/opensovd-cda)
   n2: 1971200 0x104CB89AB: indexmap::map::IndexMap<K,V,S>::insert_full (in ./target/release/opensovd-cda)
    n1: 1971200 0x104B02D87: std::thread::local::LocalKey<T>::with (in ./target/release/opensovd-cda)
     n1: 1971200 0x104E8E5C3: aide::axum::ApiRouter<S>::api_route (in ./target/release/opensovd-cda)
      n1: 1971200 0x104C19FE3: cda_sovd::sovd::route::{{closure}} (in ./target/release/opensovd-cda)
       n1: 1971200 0x104C1647F: cda_sovd::add_vehicle_routes::{{closure}}::{{closure}} (in ./target/release/opensovd-cda)
        n1: 1971200 0x104D35EB7: opensovd_cda_lib::setup_vehicle_and_routes::{{closure}} (in ./target/release/opensovd-cda)
         n1: 1971200 0x104D331D7: opensovd_cda_lib::run_with_config_ext::{{closure}} (in ./target/release/opensovd-cda)
          n1: 1971200 0x104D2F39F: opensovd_cda_lib::run_with_ext::{{closure}}::{{closure}} (in ./target/release/opensovd-cda)
           n1: 1971200 0x104D5AFC3: <core::pin::Pin<P> as core::future::future::Future>::poll (in ./target/release/opensovd-cda)
            n1: 1971200 0x104A35597: opensovd_cda::main (in ./target/release/opensovd-cda)
             n1: 1971200 0x104C8DBAF: std::sys::backtrace::__rust_begin_short_backtrace (in ./target/release/opensovd-cda)
              n1: 1971200 0x104E1715B: std::rt::lang_start::{{closure}} (in ./target/release/opensovd-cda)
               n1: 1971200 0x1057575CB: std::rt::lang_start_internal (in ./target/release/opensovd-cda)
                n0: 1971200 0x104A9910B: main (in ./target/release/opensovd-cda)
    n0: 0 in 3 places, all below massif's threshold (1.00%)
   n1: 1971200 0x104CBAB27: indexmap::map::core::IndexMapCore<K,V>::push_entry (in ./target/release/opensovd-cda)
    n1: 1971200 0x104CBAFAF: indexmap::map::core::entry::Entry<K,V>::or_insert (in ./target/release/opensovd-cda)
     n2: 1971200 0x104D6A103: <core::iter::adapters::rev::Rev<I> as core::iter::traits::iterator::Iterator>::fold (in ./target/release/opensovd-cda)
      n1: 1971200 0x104D5ED87: cda_sovd::dynamic_router::DynamicRouter::recompose::{{closure}} (in ./target/release/opensovd-cda)
       n2: 1971200 0x104D5E47F: cda_sovd::dynamic_router::DynamicRouter::add_routes::{{closure}} (in ./target/release/opensovd-cda)
        n1: 1971200 0x104D376F7: opensovd_cda_lib::setup_vehicle_and_routes::{{closure}} (in ./target/release/opensovd-cda)
         n1: 1971200 0x104D331D7: opensovd_cda_lib::run_with_config_ext::{{closure}} (in ./target/release/opensovd-cda)
          n1: 1971200 0x104D2F39F: opensovd_cda_lib::run_with_ext::{{closure}}::{{closure}} (in ./target/release/opensovd-cda)
           n1: 1971200 0x104D5AFC3: <core::pin::Pin<P> as core::future::future::Future>::poll (in ./target/release/opensovd-cda)
            n1: 1971200 0x104A35597: opensovd_cda::main (in ./target/release/opensovd-cda)
             n1: 1971200 0x104C8DBAF: std::sys::backtrace::__rust_begin_short_backtrace (in ./target/release/opensovd-cda)
              n1: 1971200 0x104E1715B: std::rt::lang_start::{{closure}} (in ./target/release/opensovd-cda)
               n1: 1971200 0x1057575CB: std::rt::lang_start_internal (in ./target/release/opensovd-cda)
                n0: 1971200 0x104A9910B: main (in ./target/release/opensovd-cda)
        n0: 0 in 1 place, below massif's threshold (1.00%)
      n0: 0 in 1 place, below massif's threshold (1.00%)
   n0: 672 in 2 places, all below massif's threshold (1.00%)
  n1: 1578728 0x1055543FB: aide::swagger::get_static_str (in ./target/release/opensovd-cda)
   n1: 1578728 0x104D5F69F: cda_sovd::add_openapi_routes::{{closure}}::{{closure}} (in ./target/release/opensovd-cda)
    n1: 1578728 0x104D5ED47: cda_sovd::dynamic_router::DynamicRouter::recompose::{{closure}} (in ./target/release/opensovd-cda)
     n1: 1578728 0x104D5E7A7: cda_sovd::dynamic_router::DynamicRouter::add_finalizer::{{closure}} (in ./target/release/opensovd-cda)
      n1: 1578728 0x104D3780B: opensovd_cda_lib::setup_vehicle_and_routes::{{closure}} (in ./target/release/opensovd-cda)
       n1: 1578728 0x104D331D7: opensovd_cda_lib::run_with_config_ext::{{closure}} (in ./target/release/opensovd-cda)
        n1: 1578728 0x104D2F39F: opensovd_cda_lib::run_with_ext::{{closure}}::{{closure}} (in ./target/release/opensovd-cda)
         n1: 1578728 0x104D5AFC3: <core::pin::Pin<P> as core::future::future::Future>::poll (in ./target/release/opensovd-cda)
          n1: 1578728 0x104A35597: opensovd_cda::main (in ./target/release/opensovd-cda)
           n1: 1578728 0x104C8DBAF: std::sys::backtrace::__rust_begin_short_backtrace (in ./target/release/opensovd-cda)
            n1: 1578728 0x104E1715B: std::rt::lang_start::{{closure}} (in ./target/release/opensovd-cda)
             n1: 1578728 0x1057575CB: std::rt::lang_start_internal (in ./target/release/opensovd-cda)
              n0: 1578728 0x104A9910B: main (in ./target/release/opensovd-cda)
  n0: 493842 in 16 places, all below massif's threshold (1.00%)
 n1: 2621440 0x1057983CF: alloc::raw_vec::RawVecInner<A>::finish_grow (in ./target/release/opensovd-cda)
  n1: 2621440 0x105798347: alloc::raw_vec::RawVec<T,A>::grow_one (in ./target/release/opensovd-cda)
   n1: 2621440 0x105080FE3: dhat::Globals::get_pp_info (in ./target/release/opensovd-cda)
    n2: 2621440 0x105082F33: <dhat::Alloc as core::alloc::global::GlobalAlloc>::alloc (in ./target/release/opensovd-cda)
     n1: 2621440 0x10503150B: tracing_subscriber::registry::extensions::ExtensionsMut::insert (in ./target/release/opensovd-cda)
      n1: 2621440 0x104F74E13: <tracing_subscriber::fmt::fmt_layer::Layer<S,N,E,W> as tracing_subscriber::layer::Layer<S>>::on_new_span (in ./target/release/opensovd-cda)
       n1: 2621440 0x10502E263: <tracing_subscriber::layer::layered::Layered<L,S> as tracing_core::subscriber::Subscriber>::new_span (in ./target/release/opensovd-cda)
        n1: 2621440 0x1056DD957: tracing::span::Span::new (in ./target/release/opensovd-cda)
         n1: 2621440 0x1052E021B: aide::transform::TransformResponse<T>::description (in ./target/release/opensovd-cda)
          n1: 2621440 0x1052BF34B: std::thread::local::LocalKey<T>::with (in ./target/release/opensovd-cda)
           n1: 2621440 0x1052CCD43: aide::transform::TransformOperation::response_with (in ./target/release/opensovd-cda)
            n1: 2621440 0x10535384F: cda_sovd::sovd::components::ecu::faults::id::docs_delete (in ./target/release/opensovd-cda)
             n1: 2621440 0x104D88C57: aide::axum::routing::ApiMethodRouter<S>::delete_with (in ./target/release/opensovd-cda)
              n1: 2621440 0x104C18ADF: cda_sovd::sovd::route::{{closure}} (in ./target/release/opensovd-cda)
               n1: 2621440 0x104C1647F: cda_sovd::add_vehicle_routes::{{closure}}::{{closure}} (in ./target/release/opensovd-cda)
                n1: 2621440 0x104D35EB7: opensovd_cda_lib::setup_vehicle_and_routes::{{closure}} (in ./target/release/opensovd-cda)
                 n1: 2621440 0x104D331D7: opensovd_cda_lib::run_with_config_ext::{{closure}} (in ./target/release/opensovd-cda)
                  n1: 2621440 0x104D2F39F: opensovd_cda_lib::run_with_ext::{{closure}}::{{closure}} (in ./target/release/opensovd-cda)
                   n1: 2621440 0x104D5AFC3: <core::pin::Pin<P> as core::future::future::Future>::poll (in ./target/release/opensovd-cda)
                    n1: 2621440 0x104A35597: opensovd_cda::main (in ./target/release/opensovd-cda)
                     n1: 2621440 0x104C8DBAF: std::sys::backtrace::__rust_begin_short_backtrace (in ./target/release/opensovd-cda)
                      n1: 2621440 0x104E1715B: std::rt::lang_start::{{closure}} (in ./target/release/opensovd-cda)
                       n1: 2621440 0x1057575CB: std::rt::lang_start_internal (in ./target/release/opensovd-cda)
                        n0: 2621440 0x104A9910B: main (in ./target/release/opensovd-cda)
     n0: 0 in 10 places, all below massif's threshold (1.00%)
 n1: 2162696 0x1057970CB: hashbrown::raw::RawTable<T,A>::reserve_rehash (in ./target/release/opensovd-cda)
  n1: 2162696 0x10508B657: hashbrown::map::HashMap<K,V,S,A>::insert (in ./target/release/opensovd-cda)
   n2: 2162696 0x105082F73: <dhat::Alloc as core::alloc::global::GlobalAlloc>::alloc (in ./target/release/opensovd-cda)
    n2: 2162696 0x10576EFD7: <alloc::string::String as core::clone::Clone>::clone (in ./target/release/opensovd-cda)
     n1: 2162696 0x104B81C8F: <alloc::collections::btree::map::BTreeMap<K,V,A> as core::clone::Clone>::clone::clone_subtree (in ./target/release/opensovd-cda)
      n1: 2162696 0x104CA856F: <aide::openapi::media_type::MediaType as core::clone::Clone>::clone (in ./target/release/opensovd-cda)
       n1: 2162696 0x104CB1973: <indexmap::map::core::IndexMapCore<K,V> as core::clone::Clone>::clone (in ./target/release/opensovd-cda)
        n1: 2162696 0x104CA54E3: <aide::openapi::responses::Response as core::clone::Clone>::clone (in ./target/release/opensovd-cda)
         n1: 2162696 0x104CA5BB3: <aide::openapi::operation::Operation as core::clone::Clone>::clone (in ./target/release/opensovd-cda)
          n1: 2162696 0x104CA34FF: <aide::openapi::paths::PathItem as core::clone::Clone>::clone (in ./target/release/opensovd-cda)
           n1: 2162696 0x104CA93F3: <indexmap::map::IndexMap<K,V,S> as core::clone::Clone>::clone (in ./target/release/opensovd-cda)
            n1: 2162696 0x104C14DBB: cda_sovd::dynamic_router::DynamicRouter::recompose::{{closure}} (in ./target/release/opensovd-cda)
             n1: 2162696 0x104C145F3: cda_sovd::dynamic_router::DynamicRouter::add_routes::{{closure}} (in ./target/release/opensovd-cda)
              n1: 2162696 0x104C1653B: cda_sovd::add_vehicle_routes::{{closure}}::{{closure}} (in ./target/release/opensovd-cda)
               n1: 2162696 0x104D35EB7: opensovd_cda_lib::setup_vehicle_and_routes::{{closure}} (in ./target/release/opensovd-cda)
                n1: 2162696 0x104D331D7: opensovd_cda_lib::run_with_config_ext::{{closure}} (in ./target/release/opensovd-cda)
                 n1: 2162696 0x104D2F39F: opensovd_cda_lib::run_with_ext::{{closure}}::{{closure}} (in ./target/release/opensovd-cda)
                  n1: 2162696 0x104D5AFC3: <core::pin::Pin<P> as core::future::future::Future>::poll (in ./target/release/opensovd-cda)
                   n1: 2162696 0x104A35597: opensovd_cda::main (in ./target/release/opensovd-cda)
                    n1: 2162696 0x104C8DBAF: std::sys::backtrace::__rust_begin_short_backtrace (in ./target/release/opensovd-cda)
                     n1: 2162696 0x104E1715B: std::rt::lang_start::{{closure}} (in ./target/release/opensovd-cda)
                      n1: 2162696 0x1057575CB: std::rt::lang_start_internal (in ./target/release/opensovd-cda)
                       n0: 2162696 0x104A9910B: main (in ./target/release/opensovd-cda)
     n0: 0 in 2 places, all below massif's threshold (1.00%)
    n0: 0 in 8 places, all below massif's threshold (1.00%)
 n1: 819208 0x105797E8B: hashbrown::raw::RawTable<T,A>::reserve_rehash (in ./target/release/opensovd-cda)
  n1: 819208 0x10508AFF7: hashbrown::rustc_entry::<impl hashbrown::map::HashMap<K,V,S,A>>::rustc_entry (in ./target/release/opensovd-cda)
   n1: 819208 0x105080FBB: dhat::Globals::get_pp_info (in ./target/release/opensovd-cda)
    n2: 819208 0x105082F33: <dhat::Alloc as core::alloc::global::GlobalAlloc>::alloc (in ./target/release/opensovd-cda)
     n1: 819208 0x10576F06B: <alloc::string::String as core::convert::From<alloc::borrow::Cow<str>>>::from (in ./target/release/opensovd-cda)
      n1: 819208 0x1054F3203: schemars::generate::SchemaGenerator::subschema_for (in ./target/release/opensovd-cda)
       n1: 819208 0x1054F719F: schemars::json_schema_impls::sequences::<impl schemars::JsonSchema for alloc::vec::Vec<T>>::json_schema (in ./target/release/opensovd-cda)
        n1: 819208 0x1054ED8D3: schemars::generate::SchemaGenerator::subschema_for (in ./target/release/opensovd-cda)
         n1: 819208 0x105508947: sovd_interfaces::components::ecu::x::single_ecu_job::_::<impl schemars::JsonSchema for sovd_interfaces::components::ecu::x::single_ecu_job::Job>::json_schema (in ./target/release/opensovd-cda)
          n1: 819208 0x1053488B3: schemars::generate::SchemaGenerator::json_schema_internal (in ./target/release/opensovd-cda)
           n1: 819208 0x105340C73: schemars::generate::SchemaGenerator::subschema_for (in ./target/release/opensovd-cda)
            n1: 819208 0x10537DED3: aide::axum::outputs::<impl aide::operation::OperationOutput for axum::json::Json<T>>::operation_response (in ./target/release/opensovd-cda)
             n1: 819208 0x1052BD5F3: std::thread::local::LocalKey<T>::with (in ./target/release/opensovd-cda)
              n1: 819208 0x1052D97B7: aide::transform::TransformOperation::response_with (in ./target/release/opensovd-cda)
               n1: 819208 0x1053699DB: cda_sovd::sovd::components::ecu::x_single_ecu_jobs::single_ecu::name::docs_get (in ./target/release/opensovd-cda)
                n1: 819208 0x104D93187: aide::axum::routing::get_with (in ./target/release/opensovd-cda)
                 n1: 819208 0x104C188F3: cda_sovd::sovd::route::{{closure}} (in ./target/release/opensovd-cda)
                  n1: 819208 0x104C1647F: cda_sovd::add_vehicle_routes::{{closure}}::{{closure}} (in ./target/release/opensovd-cda)
                   n1: 819208 0x104D35EB7: opensovd_cda_lib::setup_vehicle_and_routes::{{closure}} (in ./target/release/opensovd-cda)
                    n1: 819208 0x104D331D7: opensovd_cda_lib::run_with_config_ext::{{closure}} (in ./target/release/opensovd-cda)
                     n1: 819208 0x104D2F39F: opensovd_cda_lib::run_with_ext::{{closure}}::{{closure}} (in ./target/release/opensovd-cda)
                      n1: 819208 0x104D5AFC3: <core::pin::Pin<P> as core::future::future::Future>::poll (in ./target/release/opensovd-cda)
                       n1: 819208 0x104A35597: opensovd_cda::main (in ./target/release/opensovd-cda)
                        n1: 819208 0x104C8DBAF: std::sys::backtrace::__rust_begin_short_backtrace (in ./target/release/opensovd-cda)
                         n1: 819208 0x104E1715B: std::rt::lang_start::{{closure}} (in ./target/release/opensovd-cda)
                          n1: 819208 0x1057575CB: std::rt::lang_start_internal (in ./target/release/opensovd-cda)
                           n0: 819208 0x104A9910B: main (in ./target/release/opensovd-cda)
     n0: 0 in 7 places, all below massif's threshold (1.00%)
 n0: 192531 in 94 places, all below massif's threshold (1.00%)
#-----------
snapshot=34
#-----------
time=16998789701
mem_heap_B=30540578
mem_heap_extra_B=8493278
mem_stacks_B=0
heap_tree=detailed
n7: 30540578 (heap allocation functions) malloc/new/new[], --alloc-fns, etc.
 n1: 10394064 0x1050A4D3B: alloc::vec::Vec<T,A>::into_boxed_slice (in ./target/release/opensovd-cda)
  n2: 10394064 0x105080A0F: dhat::new_backtrace_inner (in ./target/release/opensovd-cda)
   n5: 10393632 0x105082F17: <dhat::Alloc as core::alloc::global::GlobalAlloc>::alloc (in ./target/release/opensovd-cda)
    n0: 7950768 in 1984 places, all below massif's threshold (1.00%)
    n1: 696000 0x1056F5053: alloc::collections::btree::map::entry::VacantEntry<K,V,A>::insert_entry (in ./target/release/opensovd-cda)
     n1: 696000 0x1056ECCC7: alloc::collections::btree::map::BTreeMap<K,V,A>::insert (in ./target/release/opensovd-cda)
      n0: 696000 in 28 places, all below massif's threshold (1.00%)
    n1: 621072 0x10576ED37: alloc::fmt::format::format_inner (in ./target/release/opensovd-cda)
     n0: 621072 in 180 places, all below massif's threshold (1.00%)
    n1: 594960 0x10576EFD7: <alloc::string::String as core::clone::Clone>::clone (in ./target/release/opensovd-cda)
     n0: 594960 in 175 places, all below massif's threshold (1.00%)
    n1: 530832 0x10503150B: tracing_subscriber::registry::extensions::ExtensionsMut::insert (in ./target/release/opensovd-cda)
     n1: 530832 0x104F74E13: <tracing_subscriber::fmt::fmt_layer::Layer<S,N,E,W> as tracing_subscriber::layer::Layer<S>>::on_new_span (in ./target/release/opensovd-cda)
      n1: 530832 0x10502E263: <tracing_subscriber::layer::layered::Layered<L,S> as tracing_core::subscriber::Subscriber>::new_span (in ./target/release/opensovd-cda)
       n1: 530832 0x1056DD957: tracing::span::Span::new (in ./target/release/opensovd-cda)
        n0: 530832 in 248 places, all below massif's threshold (1.00%)
   n0: 432 in 2 places, all below massif's threshold (1.00%)
 n4: 8334997 0x105082E23: <dhat::Alloc as core::alloc::global::GlobalAlloc>::alloc (in ./target/release/opensovd-cda)
  n3: 3898272 0x105788563: alloc::raw_vec::RawVecInner<A>::finish_grow (in ./target/release/opensovd-cda)
   n2: 1971200 0x104CA937B: <indexmap::map::IndexMap<K,V,S> as core::clone::Clone>::clone (in ./target/release/opensovd-cda)
    n2: 1971200 0x104D69F0B: <core::iter::adapters::rev::Rev<I> as core::iter::traits::iterator::Iterator>::fold (in ./target/release/opensovd-cda)
     n2: 1971200 0x104D5ED87: cda_sovd::dynamic_router::DynamicRouter::recompose::{{closure}} (in ./target/release/opensovd-cda)
      n1: 1971200 0x104D5E7A7: cda_sovd::dynamic_router::DynamicRouter::add_finalizer::{{closure}} (in ./target/release/opensovd-cda)
       n1: 1971200 0x104D3780B: opensovd_cda_lib::setup_vehicle_and_routes::{{closure}} (in ./target/release/opensovd-cda)
        n1: 1971200 0x104D331D7: opensovd_cda_lib::run_with_config_ext::{{closure}} (in ./target/release/opensovd-cda)
         n1: 1971200 0x104D2F39F: opensovd_cda_lib::run_with_ext::{{closure}}::{{closure}} (in ./target/release/opensovd-cda)
          n1: 1971200 0x104D5AFC3: <core::pin::Pin<P> as core::future::future::Future>::poll (in ./target/release/opensovd-cda)
           n1: 1971200 0x104A35597: opensovd_cda::main (in ./target/release/opensovd-cda)
            n1: 1971200 0x104C8DBAF: std::sys::backtrace::__rust_begin_short_backtrace (in ./target/release/opensovd-cda)
             n1: 1971200 0x104E1715B: std::rt::lang_start::{{closure}} (in ./target/release/opensovd-cda)
              n1: 1971200 0x1057575CB: std::rt::lang_start_internal (in ./target/release/opensovd-cda)
               n0: 1971200 0x104A9910B: main (in ./target/release/opensovd-cda)
      n0: 0 in 1 place, below massif's threshold (1.00%)
     n0: 0 in 1 place, below massif's threshold (1.00%)
    n0: 0 in 2 places, all below massif's threshold (1.00%)
   n2: 1387824 0x104CB18FF: <indexmap::map::core::IndexMapCore<K,V> as core::clone::Clone>::clone (in ./target/release/opensovd-cda)
    n1: 1279248 0x104CA54E3: <aide::openapi::responses::Response as core::clone::Clone>::clone (in ./target/release/opensovd-cda)
     n3: 1279248 0x104CA5BB3: <aide::openapi::operation::Operation as core::clone::Clone>::clone (in ./target/release/opensovd-cda)
      n1: 562368 0x104CA34FF: <aide::openapi::paths::PathItem as core::clone::Clone>::clone (in ./target/release/opensovd-cda)
       n2: 562368 0x104CA93F3: <indexmap::map::IndexMap<K,V,S> as core::clone::Clone>::clone (in ./target/release/opensovd-cda)
        n2: 562368 0x104D69F0B: <core::iter::adapters::rev::Rev<I> as core::iter::traits::iterator::Iterator>::fold (in ./target/release/opensovd-cda)
         n1: 562368 0x104D5ED87: cda_sovd::dynamic_router::DynamicRouter::recompose::{{closure}} (in ./target/release/opensovd-cda)
          n0: 562368 in 2 places, all below massif's threshold (1.00%)
         n0: 0 in 1 place, below massif's threshold (1.00%)
        n0: 0 in 2 places, all below massif's threshold (1.00%)
      n1: 457968 0x104CA3533: <aide::openapi::paths::PathItem as core::clone::Clone>::clone (in ./target/release/opensovd-cda)
       n2: 457968 0x104CA93F3: <indexmap::map::IndexMap<K,V,S> as core::clone::Clone>::clone (in ./target/release/opensovd-cda)
        n2: 457968 0x104D69F0B: <core::iter::adapters::rev::Rev<I> as core::iter::traits::iterator::Iterator>::fold (in ./target/release/opensovd-cda)
         n1: 457968 0x104D5ED87: cda_sovd::dynamic_router::DynamicRouter::recompose::{{closure}} (in ./target/release/opensovd-cda)
          n0: 457968 in 2 places, all below massif's threshold (1.00%)
         n0: 0 in 1 place, below massif's threshold (1.00%)
        n0: 0 in 2 places, all below massif's threshold (1.00%)
      n0: 258912 in 2 places, all below massif's threshold (1.00%)
    n0: 108576 in 1 place, below massif's threshold (1.00%)
   n0: 539248 in 10 places, all below massif's threshold (1.00%)
  n0: 2532613 in 2057 places, all below massif's threshold (1.00%)
  n3: 1511112 0x104B81BDB: <alloc::collections::btree::map::BTreeMap<K,V,A> as core::clone::Clone>::clone::clone_subtree (in ./target/release/opensovd-cda)
   n2: 927144 0x104CA5FCB: <aide::openapi::schema::SchemaObject as core::clone::Clone>::clone (in ./target/release/opensovd-cda)
    n1: 638320 0x104CA84EF: <aide::openapi::media_type::MediaType as core::clone::Clone>::clone (in ./target/release/opensovd-cda)
     n2: 638320 0x104CB1973: <indexmap::map::core::IndexMapCore<K,V> as core::clone::Clone>::clone (in ./target/release/opensovd-cda)
      n1: 575120 0x104CA54E3: <aide::openapi::responses::Response as core::clone::Clone>::clone (in ./target/release/opensovd-cda)
       n1: 575120 0x104CA5BB3: <aide::openapi::operation::Operation as core::clone::Clone>::clone (in ./target/release/opensovd-cda)
        n0: 575120 in 4 places, all below massif's threshold (1.00%)
      n0: 63200 in 1 place, below massif's threshold (1.00%)
    n0: 288824 in 1 place, below massif's threshold (1.00%)
   n1: 493592 0x104CA856F: <aide::openapi::media_type::MediaType as core::clone::Clone>::clone (in ./target/release/opensovd-cda)
    n1: 493592 0x104CB1973: <indexmap::map::core::IndexMapCore<K,V> as core::clone::Clone>::clone (in ./target/release/opensovd-cda)
     n1: 493592 0x104CA54E3: <aide::openapi::responses::Response as core::clone::Clone>::clone (in ./target/release/opensovd-cda)
      n1: 493592 0x104CA5BB3: <aide::openapi::operation::Operation as core::clone::Clone>::clone (in ./target/release/opensovd-cda)
       n0: 493592 in 4 places, all below massif's threshold (1.00%)
   n0: 90376 in 10 places, all below massif's threshold (1.00%)
  n1: 393000 0x1057B1F53: alloc::raw_vec::RawVecInner<A>::finish_grow (in ./target/release/opensovd-cda)
   n0: 393000 in 3 places, all below massif's threshold (1.00%)
 n3: 6015642 0x105083553: <dhat::Alloc as core::alloc::global::GlobalAlloc>::realloc (in ./target/release/opensovd-cda)
  n3: 3943072 0x105788547: alloc::raw_vec::RawVecInner<A>::finish_grow (in ./target/release/opensovd-cda)
   n2: 1971200 0x104CB89AB: indexmap::map::IndexMap<K,V,S>::insert_full (in ./target/release/opensovd-cda)
    n1: 1971200 0x104B02D87: std::thread::local::LocalKey<T>::with (in ./target/release/opensovd-cda)
     n1: 1971200 0x104E8E5C3: aide::axum::ApiRouter<S>::api_route (in ./target/release/opensovd-cda)
      n1: 1971200 0x104C19FE3: cda_sovd::sovd::route::{{closure}} (in ./target/release/opensovd-cda)
       n1: 1971200 0x104C1647F: cda_sovd::add_vehicle_routes::{{closure}}::{{closure}} (in ./target/release/opensovd-cda)
        n1: 1971200 0x104D35EB7: opensovd_cda_lib::setup_vehicle_and_routes::{{closure}} (in ./target/release/opensovd-cda)
         n1: 1971200 0x104D331D7: opensovd_cda_lib::run_with_config_ext::{{closure}} (in ./target/release/opensovd-cda)
          n1: 1971200 0x104D2F39F: opensovd_cda_lib::run_with_ext::{{closure}}::{{closure}} (in ./target/release/opensovd-cda)
           n1: 1971200 0x104D5AFC3: <core::pin::Pin<P> as core::future::future::Future>::poll (in ./target/release/opensovd-cda)
            n1: 1971200 0x104A35597: opensovd_cda::main (in ./target/release/opensovd-cda)
             n1: 1971200 0x104C8DBAF: std::sys::backtrace::__rust_begin_short_backtrace (in ./target/release/opensovd-cda)
              n1: 1971200 0x104E1715B: std::rt::lang_start::{{closure}} (in ./target/release/opensovd-cda)
               n1: 1971200 0x1057575CB: std::rt::lang_start_internal (in ./target/release/opensovd-cda)
                n0: 1971200 0x104A9910B: main (in ./target/release/opensovd-cda)
    n0: 0 in 3 places, all below massif's threshold (1.00%)
   n1: 1971200 0x104CBAB27: indexmap::map::core::IndexMapCore<K,V>::push_entry (in ./target/release/opensovd-cda)
    n1: 1971200 0x104CBAFAF: indexmap::map::core::entry::Entry<K,V>::or_insert (in ./target/release/opensovd-cda)
     n2: 1971200 0x104D6A103: <core::iter::adapters::rev::Rev<I> as core::iter::traits::iterator::Iterator>::fold (in ./target/release/opensovd-cda)
      n1: 1971200 0x104D5ED87: cda_sovd::dynamic_router::DynamicRouter::recompose::{{closure}} (in ./target/release/opensovd-cda)
       n2: 1971200 0x104D5E47F: cda_sovd::dynamic_router::DynamicRouter::add_routes::{{closure}} (in ./target/release/opensovd-cda)
        n1: 1971200 0x104D376F7: opensovd_cda_lib::setup_vehicle_and_routes::{{closure}} (in ./target/release/opensovd-cda)
         n1: 1971200 0x104D331D7: opensovd_cda_lib::run_with_config_ext::{{closure}} (in ./target/release/opensovd-cda)
          n1: 1971200 0x104D2F39F: opensovd_cda_lib::run_with_ext::{{closure}}::{{closure}} (in ./target/release/opensovd-cda)
           n1: 1971200 0x104D5AFC3: <core::pin::Pin<P> as core::future::future::Future>::poll (in ./target/release/opensovd-cda)
            n1: 1971200 0x104A35597: opensovd_cda::main (in ./target/release/opensovd-cda)
             n1: 1971200 0x104C8DBAF: std::sys::backtrace::__rust_begin_short_backtrace (in ./target/release/opensovd-cda)
              n1: 1971200 0x104E1715B: std::rt::lang_start::{{closure}} (in ./target/release/opensovd-cda)
               n1: 1971200 0x1057575CB: std::rt::lang_start_internal (in ./target/release/opensovd-cda)
                n0: 1971200 0x104A9910B: main (in ./target/release/opensovd-cda)
        n0: 0 in 1 place, below massif's threshold (1.00%)
      n0: 0 in 1 place, below massif's threshold (1.00%)
   n0: 672 in 2 places, all below massif's threshold (1.00%)
  n1: 1578728 0x1055543FB: aide::swagger::get_static_str (in ./target/release/opensovd-cda)
   n1: 1578728 0x104D5F69F: cda_sovd::add_openapi_routes::{{closure}}::{{closure}} (in ./target/release/opensovd-cda)
    n1: 1578728 0x104D5ED47: cda_sovd::dynamic_router::DynamicRouter::recompose::{{closure}} (in ./target/release/opensovd-cda)
     n1: 1578728 0x104D5E7A7: cda_sovd::dynamic_router::DynamicRouter::add_finalizer::{{closure}} (in ./target/release/opensovd-cda)
      n1: 1578728 0x104D3780B: opensovd_cda_lib::setup_vehicle_and_routes::{{closure}} (in ./target/release/opensovd-cda)
       n1: 1578728 0x104D331D7: opensovd_cda_lib::run_with_config_ext::{{closure}} (in ./target/release/opensovd-cda)
        n1: 1578728 0x104D2F39F: opensovd_cda_lib::run_with_ext::{{closure}}::{{closure}} (in ./target/release/opensovd-cda)
         n1: 1578728 0x104D5AFC3: <core::pin::Pin<P> as core::future::future::Future>::poll (in ./target/release/opensovd-cda)
          n1: 1578728 0x104A35597: opensovd_cda::main (in ./target/release/opensovd-cda)
           n1: 1578728 0x104C8DBAF: std::sys::backtrace::__rust_begin_short_backtrace (in ./target/release/opensovd-cda)
            n1: 1578728 0x104E1715B: std::rt::lang_start::{{closure}} (in ./target/release/opensovd-cda)
             n1: 1578728 0x1057575CB: std::rt::lang_start_internal (in ./target/release/opensovd-cda)
              n0: 1578728 0x104A9910B: main (in ./target/release/opensovd-cda)
  n0: 493842 in 16 places, all below massif's threshold (1.00%)
 n1: 2621440 0x1057983CF: alloc::raw_vec::RawVecInner<A>::finish_grow (in ./target/release/opensovd-cda)
  n1: 2621440 0x105798347: alloc::raw_vec::RawVec<T,A>::grow_one (in ./target/release/opensovd-cda)
   n1: 2621440 0x105080FE3: dhat::Globals::get_pp_info (in ./target/release/opensovd-cda)
    n2: 2621440 0x105082F33: <dhat::Alloc as core::alloc::global::GlobalAlloc>::alloc (in ./target/release/opensovd-cda)
     n1: 2621440 0x10503150B: tracing_subscriber::registry::extensions::ExtensionsMut::insert (in ./target/release/opensovd-cda)
      n1: 2621440 0x104F74E13: <tracing_subscriber::fmt::fmt_layer::Layer<S,N,E,W> as tracing_subscriber::layer::Layer<S>>::on_new_span (in ./target/release/opensovd-cda)
       n1: 2621440 0x10502E263: <tracing_subscriber::layer::layered::Layered<L,S> as tracing_core::subscriber::Subscriber>::new_span (in ./target/release/opensovd-cda)
        n1: 2621440 0x1056DD957: tracing::span::Span::new (in ./target/release/opensovd-cda)
         n1: 2621440 0x1052E021B: aide::transform::TransformResponse<T>::description (in ./target/release/opensovd-cda)
          n1: 2621440 0x1052BF34B: std::thread::local::LocalKey<T>::with (in ./target/release/opensovd-cda)
           n1: 2621440 0x1052CCD43: aide::transform::TransformOperation::response_with (in ./target/release/opensovd-cda)
            n1: 2621440 0x10535384F: cda_sovd::sovd::components::ecu::faults::id::docs_delete (in ./target/release/opensovd-cda)
             n1: 2621440 0x104D88C57: aide::axum::routing::ApiMethodRouter<S>::delete_with (in ./target/release/opensovd-cda)
              n1: 2621440 0x104C18ADF: cda_sovd::sovd::route::{{closure}} (in ./target/release/opensovd-cda)
               n1: 2621440 0x104C1647F: cda_sovd::add_vehicle_routes::{{closure}}::{{closure}} (in ./target/release/opensovd-cda)
                n1: 2621440 0x104D35EB7: opensovd_cda_lib::setup_vehicle_and_routes::{{closure}} (in ./target/release/opensovd-cda)
                 n1: 2621440 0x104D331D7: opensovd_cda_lib::run_with_config_ext::{{closure}} (in ./target/release/opensovd-cda)
                  n1: 2621440 0x104D2F39F: opensovd_cda_lib::run_with_ext::{{closure}}::{{closure}} (in ./target/release/opensovd-cda)
                   n1: 2621440 0x104D5AFC3: <core::pin::Pin<P> as core::future::future::Future>::poll (in ./target/release/opensovd-cda)
                    n1: 2621440 0x104A35597: opensovd_cda::main (in ./target/release/opensovd-cda)
                     n1: 2621440 0x104C8DBAF: std::sys::backtrace::__rust_begin_short_backtrace (in ./target/release/opensovd-cda)
                      n1: 2621440 0x104E1715B: std::rt::lang_start::{{closure}} (in ./target/release/opensovd-cda)
                       n1: 2621440 0x1057575CB: std::rt::lang_start_internal (in ./target/release/opensovd-cda)
                        n0: 2621440 0x104A9910B: main (in ./target/release/opensovd-cda)
     n0: 0 in 10 places, all below massif's threshold (1.00%)
 n1: 2162696 0x1057970CB: hashbrown::raw::RawTable<T,A>::reserve_rehash (in ./target/release/opensovd-cda)
  n1: 2162696 0x10508B657: hashbrown::map::HashMap<K,V,S,A>::insert (in ./target/release/opensovd-cda)
   n2: 2162696 0x105082F73: <dhat::Alloc as core::alloc::global::GlobalAlloc>::alloc (in ./target/release/opensovd-cda)
    n2: 2162696 0x10576EFD7: <alloc::string::String as core::clone::Clone>::clone (in ./target/release/opensovd-cda)
     n1: 2162696 0x104B81C8F: <alloc::collections::btree::map::BTreeMap<K,V,A> as core::clone::Clone>::clone::clone_subtree (in ./target/release/opensovd-cda)
      n1: 2162696 0x104CA856F: <aide::openapi::media_type::MediaType as core::clone::Clone>::clone (in ./target/release/opensovd-cda)
       n1: 2162696 0x104CB1973: <indexmap::map::core::IndexMapCore<K,V> as core::clone::Clone>::clone (in ./target/release/opensovd-cda)
        n1: 2162696 0x104CA54E3: <aide::openapi::responses::Response as core::clone::Clone>::clone (in ./target/release/opensovd-cda)
         n1: 2162696 0x104CA5BB3: <aide::openapi::operation::Operation as core::clone::Clone>::clone (in ./target/release/opensovd-cda)
          n1: 2162696 0x104CA34FF: <aide::openapi::paths::PathItem as core::clone::Clone>::clone (in ./target/release/opensovd-cda)
           n1: 2162696 0x104CA93F3: <indexmap::map::IndexMap<K,V,S> as core::clone::Clone>::clone (in ./target/release/opensovd-cda)
            n1: 2162696 0x104C14DBB: cda_sovd::dynamic_router::DynamicRouter::recompose::{{closure}} (in ./target/release/opensovd-cda)
             n1: 2162696 0x104C145F3: cda_sovd::dynamic_router::DynamicRouter::add_routes::{{closure}} (in ./target/release/opensovd-cda)
              n1: 2162696 0x104C1653B: cda_sovd::add_vehicle_routes::{{closure}}::{{closure}} (in ./target/release/opensovd-cda)
               n1: 2162696 0x104D35EB7: opensovd_cda_lib::setup_vehicle_and_routes::{{closure}} (in ./target/release/opensovd-cda)
                n1: 2162696 0x104D331D7: opensovd_cda_lib::run_with_config_ext::{{closure}} (in ./target/release/opensovd-cda)
                 n1: 2162696 0x104D2F39F: opensovd_cda_lib::run_with_ext::{{closure}}::{{closure}} (in ./target/release/opensovd-cda)
                  n1: 2162696 0x104D5AFC3: <core::pin::Pin<P> as core::future::future::Future>::poll (in ./target/release/opensovd-cda)
                   n1: 2162696 0x104A35597: opensovd_cda::main (in ./target/release/opensovd-cda)
                    n1: 2162696 0x104C8DBAF: std::sys::backtrace::__rust_begin_short_backtrace (in ./target/release/opensovd-cda)
                     n1: 2162696 0x104E1715B: std::rt::lang_start::{{closure}} (in ./target/release/opensovd-cda)
                      n1: 2162696 0x1057575CB: std::rt::lang_start_internal (in ./target/release/opensovd-cda)
                       n0: 2162696 0x104A9910B: main (in ./target/release/opensovd-cda)
     n0: 0 in 2 places, all below massif's threshold (1.00%)
    n0: 0 in 8 places, all below massif's threshold (1.00%)
 n1: 819208 0x105797E8B: hashbrown::raw::RawTable<T,A>::reserve_rehash (in ./target/release/opensovd-cda)
  n1: 819208 0x10508AFF7: hashbrown::rustc_entry::<impl hashbrown::map::HashMap<K,V,S,A>>::rustc_entry (in ./target/release/opensovd-cda)
   n1: 819208 0x105080FBB: dhat::Globals::get_pp_info (in ./target/release/opensovd-cda)
    n2: 819208 0x105082F33: <dhat::Alloc as core::alloc::global::GlobalAlloc>::alloc (in ./target/release/opensovd-cda)
     n1: 819208 0x10576F06B: <alloc::string::String as core::convert::From<alloc::borrow::Cow<str>>>::from (in ./target/release/opensovd-cda)
      n1: 819208 0x1054F3203: schemars::generate::SchemaGenerator::subschema_for (in ./target/release/opensovd-cda)
       n1: 819208 0x1054F719F: schemars::json_schema_impls::sequences::<impl schemars::JsonSchema for alloc::vec::Vec<T>>::json_schema (in ./target/release/opensovd-cda)
        n1: 819208 0x1054ED8D3: schemars::generate::SchemaGenerator::subschema_for (in ./target/release/opensovd-cda)
         n1: 819208 0x105508947: sovd_interfaces::components::ecu::x::single_ecu_job::_::<impl schemars::JsonSchema for sovd_interfaces::components::ecu::x::single_ecu_job::Job>::json_schema (in ./target/release/opensovd-cda)
          n1: 819208 0x1053488B3: schemars::generate::SchemaGenerator::json_schema_internal (in ./target/release/opensovd-cda)
           n1: 819208 0x105340C73: schemars::generate::SchemaGenerator::subschema_for (in ./target/release/opensovd-cda)
            n1: 819208 0x10537DED3: aide::axum::outputs::<impl aide::operation::OperationOutput for axum::json::Json<T>>::operation_response (in ./target/release/opensovd-cda)
             n1: 819208 0x1052BD5F3: std::thread::local::LocalKey<T>::with (in ./target/release/opensovd-cda)
              n1: 819208 0x1052D97B7: aide::transform::TransformOperation::response_with (in ./target/release/opensovd-cda)
               n1: 819208 0x1053699DB: cda_sovd::sovd::components::ecu::x_single_ecu_jobs::single_ecu::name::docs_get (in ./target/release/opensovd-cda)
                n1: 819208 0x104D93187: aide::axum::routing::get_with (in ./target/release/opensovd-cda)
                 n1: 819208 0x104C188F3: cda_sovd::sovd::route::{{closure}} (in ./target/release/opensovd-cda)
                  n1: 819208 0x104C1647F: cda_sovd::add_vehicle_routes::{{closure}}::{{closure}} (in ./target/release/opensovd-cda)
                   n1: 819208 0x104D35EB7: opensovd_cda_lib::setup_vehicle_and_routes::{{closure}} (in ./target/release/opensovd-cda)
                    n1: 819208 0x104D331D7: opensovd_cda_lib::run_with_config_ext::{{closure}} (in ./target/release/opensovd-cda)
                     n1: 819208 0x104D2F39F: opensovd_cda_lib::run_with_ext::{{closure}}::{{closure}} (in ./target/release/opensovd-cda)
                      n1: 819208 0x104D5AFC3: <core::pin::Pin<P> as core::future::future::Future>::poll (in ./target/release/opensovd-cda)
                       n1: 819208 0x104A35597: opensovd_cda::main (in ./target/release/opensovd-cda)
                        n1: 819208 0x104C8DBAF: std::sys::backtrace::__rust_begin_short_backtrace (in ./target/release/opensovd-cda)
                         n1: 819208 0x104E1715B: std::rt::lang_start::{{closure}} (in ./target/release/opensovd-cda)
                          n1: 819208 0x1057575CB: std::rt::lang_start_internal (in ./target/release/opensovd-cda)
                           n0: 819208 0x104A9910B: main (in ./target/release/opensovd-cda)
     n0: 0 in 7 places, all below massif's threshold (1.00%)
 n0: 192531 in 94 places, all below massif's threshold (1.00%)
#-----------
snapshot=35
#-----------
time=17458208032
mem_heap_B=31205233
mem_heap_extra_B=8536815
mem_stacks_B=0
heap_tree=empty
#-----------
snapshot=36
#-----------
time=18121357656
mem_heap_B=29790793
mem_heap_extra_B=8467031
mem_stacks_B=0
heap_tree=empty
#-----------
snapshot=37
#-----------
time=18518123851
mem_heap_B=30344655
mem_heap_extra_B=8505713
mem_stacks_B=0
heap_tree=empty
#-----------
snapshot=38
#-----------
time=18914848324
mem_heap_B=30906081
mem_heap_extra_B=8543223
mem_stacks_B=0
heap_tree=empty
#-----------
snapshot=39
#-----------
time=19311627284
mem_heap_B=28754993
mem_heap_extra_B=10026375
mem_stacks_B=0
heap_tree=empty
#-----------
snapshot=40
#-----------
time=19906767842
mem_heap_B=29085416
mem_heap_extra_B=10065744
mem_stacks_B=0
heap_tree=empty
#-----------
snapshot=41
#-----------
time=20303515776
mem_heap_B=30840980
mem_heap_extra_B=10052844
mem_stacks_B=0
heap_tree=empty
#-----------
snapshot=42
#-----------
time=20700228659
mem_heap_B=31392719
mem_heap_extra_B=10093105
mem_stacks_B=0
heap_tree=empty
#-----------
snapshot=43
#-----------
time=21203685221
mem_heap_B=32101837
mem_heap_extra_B=10142163
mem_stacks_B=0
heap_tree=detailed
n7: 32101837 (heap allocation functions) malloc/new/new[], --alloc-fns, etc.
 n1: 10521648 0x1050A4D3B: alloc::vec::Vec<T,A>::into_boxed_slice (in ./target/release/opensovd-cda)
  n2: 10521648 0x105080A0F: dhat::new_backtrace_inner (in ./target/release/opensovd-cda)
   n5: 10521216 0x105082F17: <dhat::Alloc as core::alloc::global::GlobalAlloc>::alloc (in ./target/release/opensovd-cda)
    n0: 8050032 in 1989 places, all below massif's threshold (1.00%)
    n1: 696000 0x1056F5053: alloc::collections::btree::map::entry::VacantEntry<K,V,A>::insert_entry (in ./target/release/opensovd-cda)
     n1: 696000 0x1056ECCC7: alloc::collections::btree::map::BTreeMap<K,V,A>::insert (in ./target/release/opensovd-cda)
      n0: 696000 in 28 places, all below massif's threshold (1.00%)
    n1: 621552 0x10576ED37: alloc::fmt::format::format_inner (in ./target/release/opensovd-cda)
     n0: 621552 in 180 places, all below massif's threshold (1.00%)
    n1: 621360 0x10576EFD7: <alloc::string::String as core::clone::Clone>::clone (in ./target/release/opensovd-cda)
     n0: 621360 in 175 places, all below massif's threshold (1.00%)
    n1: 532272 0x10503150B: tracing_subscriber::registry::extensions::ExtensionsMut::insert (in ./target/release/opensovd-cda)
     n1: 532272 0x104F74E13: <tracing_subscriber::fmt::fmt_layer::Layer<S,N,E,W> as tracing_subscriber::layer::Layer<S>>::on_new_span (in ./target/release/opensovd-cda)
      n1: 532272 0x10502E263: <tracing_subscriber::layer::layered::Layered<L,S> as tracing_core::subscriber::Subscriber>::new_span (in ./target/release/opensovd-cda)
       n1: 532272 0x1056DD957: tracing::span::Span::new (in ./target/release/opensovd-cda)
        n0: 532272 in 248 places, all below massif's threshold (1.00%)
   n0: 432 in 2 places, all below massif's threshold (1.00%)
 n3: 8189376 0x105082E23: <dhat::Alloc as core::alloc::global::GlobalAlloc>::alloc (in ./target/release/opensovd-cda)
  n3: 3824720 0x105788563: alloc::raw_vec::RawVecInner<A>::finish_grow (in ./target/release/opensovd-cda)
   n2: 1971200 0x104CA937B: <indexmap::map::IndexMap<K,V,S> as core::clone::Clone>::clone (in ./target/release/opensovd-cda)
    n2: 1971200 0x104D69F0B: <core::iter::adapters::rev::Rev<I> as core::iter::traits::iterator::Iterator>::fold (in ./target/release/opensovd-cda)
     n2: 1971200 0x104D5ED87: cda_sovd::dynamic_router::DynamicRouter::recompose::{{closure}} (in ./target/release/opensovd-cda)
      n2: 1971200 0x104D5E7A7: cda_sovd::dynamic_router::DynamicRouter::add_finalizer::{{closure}} (in ./target/release/opensovd-cda)
       n1: 1971200 0x104D378D3: opensovd_cda_lib::setup_vehicle_and_routes::{{closure}} (in ./target/release/opensovd-cda)
        n1: 1971200 0x104D331D7: opensovd_cda_lib::run_with_config_ext::{{closure}} (in ./target/release/opensovd-cda)
         n1: 1971200 0x104D2F39F: opensovd_cda_lib::run_with_ext::{{closure}}::{{closure}} (in ./target/release/opensovd-cda)
          n1: 1971200 0x104D5AFC3: <core::pin::Pin<P> as core::future::future::Future>::poll (in ./target/release/opensovd-cda)
           n1: 1971200 0x104A35597: opensovd_cda::main (in ./target/release/opensovd-cda)
            n1: 1971200 0x104C8DBAF: std::sys::backtrace::__rust_begin_short_backtrace (in ./target/release/opensovd-cda)
             n1: 1971200 0x104E1715B: std::rt::lang_start::{{closure}} (in ./target/release/opensovd-cda)
              n1: 1971200 0x1057575CB: std::rt::lang_start_internal (in ./target/release/opensovd-cda)
               n0: 1971200 0x104A9910B: main (in ./target/release/opensovd-cda)
       n0: 0 in 1 place, below massif's threshold (1.00%)
      n0: 0 in 1 place, below massif's threshold (1.00%)
     n0: 0 in 1 place, below massif's threshold (1.00%)
    n0: 0 in 2 places, all below massif's threshold (1.00%)
   n2: 1329360 0x104CB18FF: <indexmap::map::core::IndexMapCore<K,V> as core::clone::Clone>::clone (in ./target/release/opensovd-cda)
    n1: 1223568 0x104CA54E3: <aide::openapi::responses::Response as core::clone::Clone>::clone (in ./target/release/opensovd-cda)
     n3: 1223568 0x104CA5BB3: <aide::openapi::operation::Operation as core::clone::Clone>::clone (in ./target/release/opensovd-cda)
      n1: 533136 0x104CA34FF: <aide::openapi::paths::PathItem as core::clone::Clone>::clone (in ./target/release/opensovd-cda)
       n2: 533136 0x104CA93F3: <indexmap::map::IndexMap<K,V,S> as core::clone::Clone>::clone (in ./target/release/opensovd-cda)
        n2: 533136 0x104D69F0B: <core::iter::adapters::rev::Rev<I> as core::iter::traits::iterator::Iterator>::fold (in ./target/release/opensovd-cda)
         n2: 533136 0x104D5ED87: cda_sovd::dynamic_router::DynamicRouter::recompose::{{closure}} (in ./target/release/opensovd-cda)
          n1: 533136 0x104D5E7A7: cda_sovd::dynamic_router::DynamicRouter::add_finalizer::{{closure}} (in ./target/release/opensovd-cda)
           n0: 533136 in 2 places, all below massif's threshold (1.00%)
          n0: 0 in 1 place, below massif's threshold (1.00%)
         n0: 0 in 1 place, below massif's threshold (1.00%)
        n0: 0 in 2 places, all below massif's threshold (1.00%)
      n1: 431520 0x104CA3533: <aide::openapi::paths::PathItem as core::clone::Clone>::clone (in ./target/release/opensovd-cda)
       n2: 431520 0x104CA93F3: <indexmap::map::IndexMap<K,V,S> as core::clone::Clone>::clone (in ./target/release/opensovd-cda)
        n2: 431520 0x104D69F0B: <core::iter::adapters::rev::Rev<I> as core::iter::traits::iterator::Iterator>::fold (in ./target/release/opensovd-cda)
         n2: 431520 0x104D5ED87: cda_sovd::dynamic_router::DynamicRouter::recompose::{{closure}} (in ./target/release/opensovd-cda)
          n1: 431520 0x104D5E7A7: cda_sovd::dynamic_router::DynamicRouter::add_finalizer::{{closure}} (in ./target/release/opensovd-cda)
           n0: 431520 in 2 places, all below massif's threshold (1.00%)
          n0: 0 in 1 place, below massif's threshold (1.00%)
         n0: 0 in 1 place, below massif's threshold (1.00%)
        n0: 0 in 2 places, all below massif's threshold (1.00%)
      n0: 258912 in 2 places, all below massif's threshold (1.00%)
    n0: 105792 in 1 place, below massif's threshold (1.00%)
   n0: 524160 in 10 places, all below massif's threshold (1.00%)
  n0: 2913584 in 2063 places, all below massif's threshold (1.00%)
  n3: 1451072 0x104B81BDB: <alloc::collections::btree::map::BTreeMap<K,V,A> as core::clone::Clone>::clone::clone_subtree (in ./target/release/opensovd-cda)
   n2: 891120 0x104CA5FCB: <aide::openapi::schema::SchemaObject as core::clone::Clone>::clone (in ./target/release/opensovd-cda)
    n1: 611776 0x104CA84EF: <aide::openapi::media_type::MediaType as core::clone::Clone>::clone (in ./target/release/opensovd-cda)
     n2: 611776 0x104CB1973: <indexmap::map::core::IndexMapCore<K,V> as core::clone::Clone>::clone (in ./target/release/opensovd-cda)
      n1: 551104 0x104CA54E3: <aide::openapi::responses::Response as core::clone::Clone>::clone (in ./target/release/opensovd-cda)
       n1: 551104 0x104CA5BB3: <aide::openapi::operation::Operation as core::clone::Clone>::clone (in ./target/release/opensovd-cda)
        n0: 551104 in 4 places, all below massif's threshold (1.00%)
      n0: 60672 in 1 place, below massif's threshold (1.00%)
    n0: 279344 in 1 place, below massif's threshold (1.00%)
   n1: 472104 0x104CA856F: <aide::openapi::media_type::MediaType as core::clone::Clone>::clone (in ./target/release/opensovd-cda)
    n1: 472104 0x104CB1973: <indexmap::map::core::IndexMapCore<K,V> as core::clone::Clone>::clone (in ./target/release/opensovd-cda)
     n1: 472104 0x104CA54E3: <aide::openapi::responses::Response as core::clone::Clone>::clone (in ./target/release/opensovd-cda)
      n1: 472104 0x104CA5BB3: <aide::openapi::operation::Operation as core::clone::Clone>::clone (in ./target/release/opensovd-cda)
       n0: 472104 in 4 places, all below massif's threshold (1.00%)
   n0: 87848 in 10 places, all below massif's threshold (1.00%)
 n3: 7594938 0x105083553: <dhat::Alloc as core::alloc::global::GlobalAlloc>::realloc (in ./target/release/opensovd-cda)
  n3: 3943072 0x105788547: alloc::raw_vec::RawVecInner<A>::finish_grow (in ./target/release/opensovd-cda)
   n2: 1971200 0x104CB89AB: indexmap::map::IndexMap<K,V,S>::insert_full (in ./target/release/opensovd-cda)
    n1: 1971200 0x104B02D87: std::thread::local::LocalKey<T>::with (in ./target/release/opensovd-cda)
     n1: 1971200 0x104E8E5C3: aide::axum::ApiRouter<S>::api_route (in ./target/release/opensovd-cda)
      n1: 1971200 0x104C19FE3: cda_sovd::sovd::route::{{closure}} (in ./target/release/opensovd-cda)
       n1: 1971200 0x104C1647F: cda_sovd::add_vehicle_routes::{{closure}}::{{closure}} (in ./target/release/opensovd-cda)
        n1: 1971200 0x104D35EB7: opensovd_cda_lib::setup_vehicle_and_routes::{{closure}} (in ./target/release/opensovd-cda)
         n1: 1971200 0x104D331D7: opensovd_cda_lib::run_with_config_ext::{{closure}} (in ./target/release/opensovd-cda)
          n1: 1971200 0x104D2F39F: opensovd_cda_lib::run_with_ext::{{closure}}::{{closure}} (in ./target/release/opensovd-cda)
           n1: 1971200 0x104D5AFC3: <core::pin::Pin<P> as core::future::future::Future>::poll (in ./target/release/opensovd-cda)
            n1: 1971200 0x104A35597: opensovd_cda::main (in ./target/release/opensovd-cda)
             n1: 1971200 0x104C8DBAF: std::sys::backtrace::__rust_begin_short_backtrace (in ./target/release/opensovd-cda)
              n1: 1971200 0x104E1715B: std::rt::lang_start::{{closure}} (in ./target/release/opensovd-cda)
               n1: 1971200 0x1057575CB: std::rt::lang_start_internal (in ./target/release/opensovd-cda)
                n0: 1971200 0x104A9910B: main (in ./target/release/opensovd-cda)
    n0: 0 in 3 places, all below massif's threshold (1.00%)
   n1: 1971200 0x104CBAB27: indexmap::map::core::IndexMapCore<K,V>::push_entry (in ./target/release/opensovd-cda)
    n1: 1971200 0x104CBAFAF: indexmap::map::core::entry::Entry<K,V>::or_insert (in ./target/release/opensovd-cda)
     n2: 1971200 0x104D6A103: <core::iter::adapters::rev::Rev<I> as core::iter::traits::iterator::Iterator>::fold (in ./target/release/opensovd-cda)
      n2: 1971200 0x104D5ED87: cda_sovd::dynamic_router::DynamicRouter::recompose::{{closure}} (in ./target/release/opensovd-cda)
       n1: 1971200 0x104D5E7A7: cda_sovd::dynamic_router::DynamicRouter::add_finalizer::{{closure}} (in ./target/release/opensovd-cda)
        n1: 1971200 0x104D3780B: opensovd_cda_lib::setup_vehicle_and_routes::{{closure}} (in ./target/release/opensovd-cda)
         n1: 1971200 0x104D331D7: opensovd_cda_lib::run_with_config_ext::{{closure}} (in ./target/release/opensovd-cda)
          n1: 1971200 0x104D2F39F: opensovd_cda_lib::run_with_ext::{{closure}}::{{closure}} (in ./target/release/opensovd-cda)
           n1: 1971200 0x104D5AFC3: <core::pin::Pin<P> as core::future::future::Future>::poll (in ./target/release/opensovd-cda)
            n1: 1971200 0x104A35597: opensovd_cda::main (in ./target/release/opensovd-cda)
             n1: 1971200 0x104C8DBAF: std::sys::backtrace::__rust_begin_short_backtrace (in ./target/release/opensovd-cda)
              n1: 1971200 0x104E1715B: std::rt::lang_start::{{closure}} (in ./target/release/opensovd-cda)
               n1: 1971200 0x1057575CB: std::rt::lang_start_internal (in ./target/release/opensovd-cda)
                n0: 1971200 0x104A9910B: main (in ./target/release/opensovd-cda)
       n0: 0 in 1 place, below massif's threshold (1.00%)
      n0: 0 in 1 place, below massif's threshold (1.00%)
   n0: 672 in 2 places, all below massif's threshold (1.00%)
  n1: 3157456 0x1055543FB: aide::swagger::get_static_str (in ./target/release/opensovd-cda)
   n1: 3157456 0x104D5F69F: cda_sovd::add_openapi_routes::{{closure}}::{{closure}} (in ./target/release/opensovd-cda)
    n1: 3157456 0x104D5ED47: cda_sovd::dynamic_router::DynamicRouter::recompose::{{closure}} (in ./target/release/opensovd-cda)
     n2: 3157456 0x104D5E7A7: cda_sovd::dynamic_router::DynamicRouter::add_finalizer::{{closure}} (in ./target/release/opensovd-cda)
      n1: 1578728 0x104D3780B: opensovd_cda_lib::setup_vehicle_and_routes::{{closure}} (in ./target/release/opensovd-cda)
       n1: 1578728 0x104D331D7: opensovd_cda_lib::run_with_config_ext::{{closure}} (in ./target/release/opensovd-cda)
        n1: 1578728 0x104D2F39F: opensovd_cda_lib::run_with_ext::{{closure}}::{{closure}} (in ./target/release/opensovd-cda)
         n1: 1578728 0x104D5AFC3: <core::pin::Pin<P> as core::future::future::Future>::poll (in ./target/release/opensovd-cda)
          n1: 1578728 0x104A35597: opensovd_cda::main (in ./target/release/opensovd-cda)
           n1: 1578728 0x104C8DBAF: std::sys::backtrace::__rust_begin_short_backtrace (in ./target/release/opensovd-cda)
            n1: 1578728 0x104E1715B: std::rt::lang_start::{{closure}} (in ./target/release/opensovd-cda)
             n1: 1578728 0x1057575CB: std::rt::lang_start_internal (in ./target/release/opensovd-cda)
              n0: 1578728 0x104A9910B: main (in ./target/release/opensovd-cda)
      n1: 1578728 0x104D378D3: opensovd_cda_lib::setup_vehicle_and_routes::{{closure}} (in ./target/release/opensovd-cda)
       n1: 1578728 0x104D331D7: opensovd_cda_lib::run_with_config_ext::{{closure}} (in ./target/release/opensovd-cda)
        n1: 1578728 0x104D2F39F: opensovd_cda_lib::run_with_ext::{{closure}}::{{closure}} (in ./target/release/opensovd-cda)
         n1: 1578728 0x104D5AFC3: <core::pin::Pin<P> as core::future::future::Future>::poll (in ./target/release/opensovd-cda)
          n1: 1578728 0x104A35597: opensovd_cda::main (in ./target/release/opensovd-cda)
           n1: 1578728 0x104C8DBAF: std::sys::backtrace::__rust_begin_short_backtrace (in ./target/release/opensovd-cda)
            n1: 1578728 0x104E1715B: std::rt::lang_start::{{closure}} (in ./target/release/opensovd-cda)
             n1: 1578728 0x1057575CB: std::rt::lang_start_internal (in ./target/release/opensovd-cda)
              n0: 1578728 0x104A9910B: main (in ./target/release/opensovd-cda)
  n0: 494410 in 16 places, all below massif's threshold (1.00%)
 n1: 2621440 0x1057983CF: alloc::raw_vec::RawVecInner<A>::finish_grow (in ./target/release/opensovd-cda)
  n1: 2621440 0x105798347: alloc::raw_vec::RawVec<T,A>::grow_one (in ./target/release/opensovd-cda)
   n1: 2621440 0x105080FE3: dhat::Globals::get_pp_info (in ./target/release/opensovd-cda)
    n2: 2621440 0x105082F33: <dhat::Alloc as core::alloc::global::GlobalAlloc>::alloc (in ./target/release/opensovd-cda)
     n1: 2621440 0x10503150B: tracing_subscriber::registry::extensions::ExtensionsMut::insert (in ./target/release/opensovd-cda)
      n1: 2621440 0x104F74E13: <tracing_subscriber::fmt::fmt_layer::Layer<S,N,E,W> as tracing_subscriber::layer::Layer<S>>::on_new_span (in ./target/release/opensovd-cda)
       n1: 2621440 0x10502E263: <tracing_subscriber::layer::layered::Layered<L,S> as tracing_core::subscriber::Subscriber>::new_span (in ./target/release/opensovd-cda)
        n1: 2621440 0x1056DD957: tracing::span::Span::new (in ./target/release/opensovd-cda)
         n1: 2621440 0x1052E021B: aide::transform::TransformResponse<T>::description (in ./target/release/opensovd-cda)
          n1: 2621440 0x1052BF34B: std::thread::local::LocalKey<T>::with (in ./target/release/opensovd-cda)
           n1: 2621440 0x1052CCD43: aide::transform::TransformOperation::response_with (in ./target/release/opensovd-cda)
            n1: 2621440 0x10535384F: cda_sovd::sovd::components::ecu::faults::id::docs_delete (in ./target/release/opensovd-cda)
             n1: 2621440 0x104D88C57: aide::axum::routing::ApiMethodRouter<S>::delete_with (in ./target/release/opensovd-cda)
              n1: 2621440 0x104C18ADF: cda_sovd::sovd::route::{{closure}} (in ./target/release/opensovd-cda)
               n1: 2621440 0x104C1647F: cda_sovd::add_vehicle_routes::{{closure}}::{{closure}} (in ./target/release/opensovd-cda)
                n1: 2621440 0x104D35EB7: opensovd_cda_lib::setup_vehicle_and_routes::{{closure}} (in ./target/release/opensovd-cda)
                 n1: 2621440 0x104D331D7: opensovd_cda_lib::run_with_config_ext::{{closure}} (in ./target/release/opensovd-cda)
                  n1: 2621440 0x104D2F39F: opensovd_cda_lib::run_with_ext::{{closure}}::{{closure}} (in ./target/release/opensovd-cda)
                   n1: 2621440 0x104D5AFC3: <core::pin::Pin<P> as core::future::future::Future>::poll (in ./target/release/opensovd-cda)
                    n1: 2621440 0x104A35597: opensovd_cda::main (in ./target/release/opensovd-cda)
                     n1: 2621440 0x104C8DBAF: std::sys::backtrace::__rust_begin_short_backtrace (in ./target/release/opensovd-cda)
                      n1: 2621440 0x104E1715B: std::rt::lang_start::{{closure}} (in ./target/release/opensovd-cda)
                       n1: 2621440 0x1057575CB: std::rt::lang_start_internal (in ./target/release/opensovd-cda)
                        n0: 2621440 0x104A9910B: main (in ./target/release/opensovd-cda)
     n0: 0 in 10 places, all below massif's threshold (1.00%)
 n1: 2162696 0x1057970CB: hashbrown::raw::RawTable<T,A>::reserve_rehash (in ./target/release/opensovd-cda)
  n1: 2162696 0x10508B657: hashbrown::map::HashMap<K,V,S,A>::insert (in ./target/release/opensovd-cda)
   n2: 2162696 0x105082F73: <dhat::Alloc as core::alloc::global::GlobalAlloc>::alloc (in ./target/release/opensovd-cda)
    n2: 2162696 0x10576EFD7: <alloc::string::String as core::clone::Clone>::clone (in ./target/release/opensovd-cda)
     n1: 2162696 0x104B81C8F: <alloc::collections::btree::map::BTreeMap<K,V,A> as core::clone::Clone>::clone::clone_subtree (in ./target/release/opensovd-cda)
      n1: 2162696 0x104CA856F: <aide::openapi::media_type::MediaType as core::clone::Clone>::clone (in ./target/release/opensovd-cda)
       n1: 2162696 0x104CB1973: <indexmap::map::core::IndexMapCore<K,V> as core::clone::Clone>::clone (in ./target/release/opensovd-cda)
        n1: 2162696 0x104CA54E3: <aide::openapi::responses::Response as core::clone::Clone>::clone (in ./target/release/opensovd-cda)
         n1: 2162696 0x104CA5BB3: <aide::openapi::operation::Operation as core::clone::Clone>::clone (in ./target/release/opensovd-cda)
          n1: 2162696 0x104CA34FF: <aide::openapi::paths::PathItem as core::clone::Clone>::clone (in ./target/release/opensovd-cda)
           n1: 2162696 0x104CA93F3: <indexmap::map::IndexMap<K,V,S> as core::clone::Clone>::clone (in ./target/release/opensovd-cda)
            n1: 2162696 0x104C14DBB: cda_sovd::dynamic_router::DynamicRouter::recompose::{{closure}} (in ./target/release/opensovd-cda)
             n1: 2162696 0x104C145F3: cda_sovd::dynamic_router::DynamicRouter::add_routes::{{closure}} (in ./target/release/opensovd-cda)
              n1: 2162696 0x104C1653B: cda_sovd::add_vehicle_routes::{{closure}}::{{closure}} (in ./target/release/opensovd-cda)
               n1: 2162696 0x104D35EB7: opensovd_cda_lib::setup_vehicle_and_routes::{{closure}} (in ./target/release/opensovd-cda)
                n1: 2162696 0x104D331D7: opensovd_cda_lib::run_with_config_ext::{{closure}} (in ./target/release/opensovd-cda)
                 n1: 2162696 0x104D2F39F: opensovd_cda_lib::run_with_ext::{{closure}}::{{closure}} (in ./target/release/opensovd-cda)
                  n1: 2162696 0x104D5AFC3: <core::pin::Pin<P> as core::future::future::Future>::poll (in ./target/release/opensovd-cda)
                   n1: 2162696 0x104A35597: opensovd_cda::main (in ./target/release/opensovd-cda)
                    n1: 2162696 0x104C8DBAF: std::sys::backtrace::__rust_begin_short_backtrace (in ./target/release/opensovd-cda)
                     n1: 2162696 0x104E1715B: std::rt::lang_start::{{closure}} (in ./target/release/opensovd-cda)
                      n1: 2162696 0x1057575CB: std::rt::lang_start_internal (in ./target/release/opensovd-cda)
                       n0: 2162696 0x104A9910B: main (in ./target/release/opensovd-cda)
     n0: 0 in 2 places, all below massif's threshold (1.00%)
    n0: 0 in 8 places, all below massif's threshold (1.00%)
 n1: 819208 0x105797E8B: hashbrown::raw::RawTable<T,A>::reserve_rehash (in ./target/release/opensovd-cda)
  n1: 819208 0x10508AFF7: hashbrown::rustc_entry::<impl hashbrown::map::HashMap<K,V,S,A>>::rustc_entry (in ./target/release/opensovd-cda)
   n1: 819208 0x105080FBB: dhat::Globals::get_pp_info (in ./target/release/opensovd-cda)
    n2: 819208 0x105082F33: <dhat::Alloc as core::alloc::global::GlobalAlloc>::alloc (in ./target/release/opensovd-cda)
     n1: 819208 0x10576F06B: <alloc::string::String as core::convert::From<alloc::borrow::Cow<str>>>::from (in ./target/release/opensovd-cda)
      n1: 819208 0x1054F3203: schemars::generate::SchemaGenerator::subschema_for (in ./target/release/opensovd-cda)
       n1: 819208 0x1054F719F: schemars::json_schema_impls::sequences::<impl schemars::JsonSchema for alloc::vec::Vec<T>>::json_schema (in ./target/release/opensovd-cda)
        n1: 819208 0x1054ED8D3: schemars::generate::SchemaGenerator::subschema_for (in ./target/release/opensovd-cda)
         n1: 819208 0x105508947: sovd_interfaces::components::ecu::x::single_ecu_job::_::<impl schemars::JsonSchema for sovd_interfaces::components::ecu::x::single_ecu_job::Job>::json_schema (in ./target/release/opensovd-cda)
          n1: 819208 0x1053488B3: schemars::generate::SchemaGenerator::json_schema_internal (in ./target/release/opensovd-cda)
           n1: 819208 0x105340C73: schemars::generate::SchemaGenerator::subschema_for (in ./target/release/opensovd-cda)
            n1: 819208 0x10537DED3: aide::axum::outputs::<impl aide::operation::OperationOutput for axum::json::Json<T>>::operation_response (in ./target/release/opensovd-cda)
             n1: 819208 0x1052BD5F3: std::thread::local::LocalKey<T>::with (in ./target/release/opensovd-cda)
              n1: 819208 0x1052D97B7: aide::transform::TransformOperation::response_with (in ./target/release/opensovd-cda)
               n1: 819208 0x1053699DB: cda_sovd::sovd::components::ecu::x_single_ecu_jobs::single_ecu::name::docs_get (in ./target/release/opensovd-cda)
                n1: 819208 0x104D93187: aide::axum::routing::get_with (in ./target/release/opensovd-cda)
                 n1: 819208 0x104C188F3: cda_sovd::sovd::route::{{closure}} (in ./target/release/opensovd-cda)
                  n1: 819208 0x104C1647F: cda_sovd::add_vehicle_routes::{{closure}}::{{closure}} (in ./target/release/opensovd-cda)
                   n1: 819208 0x104D35EB7: opensovd_cda_lib::setup_vehicle_and_routes::{{closure}} (in ./target/release/opensovd-cda)
                    n1: 819208 0x104D331D7: opensovd_cda_lib::run_with_config_ext::{{closure}} (in ./target/release/opensovd-cda)
                     n1: 819208 0x104D2F39F: opensovd_cda_lib::run_with_ext::{{closure}}::{{closure}} (in ./target/release/opensovd-cda)
                      n1: 819208 0x104D5AFC3: <core::pin::Pin<P> as core::future::future::Future>::poll (in ./target/release/opensovd-cda)
                       n1: 819208 0x104A35597: opensovd_cda::main (in ./target/release/opensovd-cda)
                        n1: 819208 0x104C8DBAF: std::sys::backtrace::__rust_begin_short_backtrace (in ./target/release/opensovd-cda)
                         n1: 819208 0x104E1715B: std::rt::lang_start::{{closure}} (in ./target/release/opensovd-cda)
                          n1: 819208 0x1057575CB: std::rt::lang_start_internal (in ./target/release/opensovd-cda)
                           n0: 819208 0x104A9910B: main (in ./target/release/opensovd-cda)
     n0: 0 in 7 places, all below massif's threshold (1.00%)
 n0: 192531 in 94 places, all below massif's threshold (1.00%)
#-----------
snapshot=44
#-----------
time=21839391125
mem_heap_B=34995035
mem_heap_extra_B=10202749
mem_stacks_B=0
heap_tree=peak
n7: 34995035 (heap allocation functions) malloc/new/new[], --alloc-fns, etc.
 n3: 11081134 0x105082E23: <dhat::Alloc as core::alloc::global::GlobalAlloc>::alloc (in ./target/release/opensovd-cda)
  n4: 6241024 0x105788563: alloc::raw_vec::RawVecInner<A>::finish_grow (in ./target/release/opensovd-cda)
   n1: 1971200 0x104C885BB: <indexmap::map::IndexMap<K,V,S> as core::iter::traits::collect::Extend<(K,V)>>::extend (in ./target/release/opensovd-cda)
    n1: 1971200 0x104E89E57: aide::axum::ApiRouter<S>::merge_api_with (in ./target/release/opensovd-cda)
     n1: 1971200 0x104E875DF: aide::axum::ApiRouter<S>::finish_api (in ./target/release/opensovd-cda)
      n2: 1971200 0x104D69F57: <core::iter::adapters::rev::Rev<I> as core::iter::traits::iterator::Iterator>::fold (in ./target/release/opensovd-cda)
       n2: 1971200 0x104D5ED87: cda_sovd::dynamic_router::DynamicRouter::recompose::{{closure}} (in ./target/release/opensovd-cda)
        n2: 1971200 0x104D5E7A7: cda_sovd::dynamic_router::DynamicRouter::add_finalizer::{{closure}} (in ./target/release/opensovd-cda)
         n1: 1971200 0x104D378D3: opensovd_cda_lib::setup_vehicle_and_routes::{{closure}} (in ./target/release/opensovd-cda)
          n1: 1971200 0x104D331D7: opensovd_cda_lib::run_with_config_ext::{{closure}} (in ./target/release/opensovd-cda)
           n1: 1971200 0x104D2F39F: opensovd_cda_lib::run_with_ext::{{closure}}::{{closure}} (in ./target/release/opensovd-cda)
            n1: 1971200 0x104D5AFC3: <core::pin::Pin<P> as core::future::future::Future>::poll (in ./target/release/opensovd-cda)
             n1: 1971200 0x104A35597: opensovd_cda::main (in ./target/release/opensovd-cda)
              n1: 1971200 0x104C8DBAF: std::sys::backtrace::__rust_begin_short_backtrace (in ./target/release/opensovd-cda)
               n1: 1971200 0x104E1715B: std::rt::lang_start::{{closure}} (in ./target/release/opensovd-cda)
                n1: 1971200 0x1057575CB: std::rt::lang_start_internal (in ./target/release/opensovd-cda)
                 n0: 1971200 0x104A9910B: main (in ./target/release/opensovd-cda)
         n0: 0 in 1 place, below massif's threshold (1.00%)
        n0: 0 in 1 place, below massif's threshold (1.00%)
       n0: 0 in 1 place, below massif's threshold (1.00%)
   n2: 1971200 0x104CA937B: <indexmap::map::IndexMap<K,V,S> as core::clone::Clone>::clone (in ./target/release/opensovd-cda)
    n2: 1971200 0x104D69F0B: <core::iter::adapters::rev::Rev<I> as core::iter::traits::iterator::Iterator>::fold (in ./target/release/opensovd-cda)
     n2: 1971200 0x104D5ED87: cda_sovd::dynamic_router::DynamicRouter::recompose::{{closure}} (in ./target/release/opensovd-cda)
      n2: 1971200 0x104D5E7A7: cda_sovd::dynamic_router::DynamicRouter::add_finalizer::{{closure}} (in ./target/release/opensovd-cda)
       n1: 1971200 0x104D378D3: opensovd_cda_lib::setup_vehicle_and_routes::{{closure}} (in ./target/release/opensovd-cda)
        n1: 1971200 0x104D331D7: opensovd_cda_lib::run_with_config_ext::{{closure}} (in ./target/release/opensovd-cda)
         n1: 1971200 0x104D2F39F: opensovd_cda_lib::run_with_ext::{{closure}}::{{closure}} (in ./target/release/opensovd-cda)
          n1: 1971200 0x104D5AFC3: <core::pin::Pin<P> as core::future::future::Future>::poll (in ./target/release/opensovd-cda)
           n1: 1971200 0x104A35597: opensovd_cda::main (in ./target/release/opensovd-cda)
            n1: 1971200 0x104C8DBAF: std::sys::backtrace::__rust_begin_short_backtrace (in ./target/release/opensovd-cda)
             n1: 1971200 0x104E1715B: std::rt::lang_start::{{closure}} (in ./target/release/opensovd-cda)
              n1: 1971200 0x1057575CB: std::rt::lang_start_internal (in ./target/release/opensovd-cda)
               n0: 1971200 0x104A9910B: main (in ./target/release/opensovd-cda)
       n0: 0 in 1 place, below massif's threshold (1.00%)
      n0: 0 in 1 place, below massif's threshold (1.00%)
     n0: 0 in 1 place, below massif's threshold (1.00%)
    n0: 0 in 2 places, all below massif's threshold (1.00%)
   n2: 1666224 0x104CB18FF: <indexmap::map::core::IndexMapCore<K,V> as core::clone::Clone>::clone (in ./target/release/opensovd-cda)
    n1: 1532592 0x104CA54E3: <aide::openapi::responses::Response as core::clone::Clone>::clone (in ./target/release/opensovd-cda)
     n3: 1532592 0x104CA5BB3: <aide::openapi::operation::Operation as core::clone::Clone>::clone (in ./target/release/opensovd-cda)
      n1: 661200 0x104CA34FF: <aide::openapi::paths::PathItem as core::clone::Clone>::clone (in ./target/release/opensovd-cda)
       n2: 661200 0x104CA93F3: <indexmap::map::IndexMap<K,V,S> as core::clone::Clone>::clone (in ./target/release/opensovd-cda)
        n2: 661200 0x104D69F0B: <core::iter::adapters::rev::Rev<I> as core::iter::traits::iterator::Iterator>::fold (in ./target/release/opensovd-cda)
         n2: 661200 0x104D5ED87: cda_sovd::dynamic_router::DynamicRouter::recompose::{{closure}} (in ./target/release/opensovd-cda)
          n1: 661200 0x104D5E7A7: cda_sovd::dynamic_router::DynamicRouter::add_finalizer::{{closure}} (in ./target/release/opensovd-cda)
           n0: 661200 in 2 places, all below massif's threshold (1.00%)
          n0: 0 in 1 place, below massif's threshold (1.00%)
         n0: 0 in 1 place, below massif's threshold (1.00%)
        n0: 0 in 2 places, all below massif's threshold (1.00%)
      n1: 545664 0x104CA3533: <aide::openapi::paths::PathItem as core::clone::Clone>::clone (in ./target/release/opensovd-cda)
       n2: 545664 0x104CA93F3: <indexmap::map::IndexMap<K,V,S> as core::clone::Clone>::clone (in ./target/release/opensovd-cda)
        n2: 545664 0x104D69F0B: <core::iter::adapters::rev::Rev<I> as core::iter::traits::iterator::Iterator>::fold (in ./target/release/opensovd-cda)
         n2: 545664 0x104D5ED87: cda_sovd::dynamic_router::DynamicRouter::recompose::{{closure}} (in ./target/release/opensovd-cda)
          n1: 545664 0x104D5E7A7: cda_sovd::dynamic_router::DynamicRouter::add_finalizer::{{closure}} (in ./target/release/opensovd-cda)
           n0: 545664 in 2 places, all below massif's threshold (1.00%)
          n0: 0 in 1 place, below massif's threshold (1.00%)
         n0: 0 in 1 place, below massif's threshold (1.00%)
        n0: 0 in 2 places, all below massif's threshold (1.00%)
      n0: 325728 in 2 places, all below massif's threshold (1.00%)
    n0: 133632 in 1 place, below massif's threshold (1.00%)
   n0: 632400 in 9 places, all below massif's threshold (1.00%)
  n0: 3030694 in 2063 places, all below massif's threshold (1.00%)
  n3: 1809416 0x104B81BDB: <alloc::collections::btree::map::BTreeMap<K,V,A> as core::clone::Clone>::clone::clone_subtree (in ./target/release/opensovd-cda)
   n2: 1116744 0x104CA5FCB: <aide::openapi::schema::SchemaObject as core::clone::Clone>::clone (in ./target/release/opensovd-cda)
    n1: 769144 0x104CA84EF: <aide::openapi::media_type::MediaType as core::clone::Clone>::clone (in ./target/release/opensovd-cda)
     n2: 769144 0x104CB1973: <indexmap::map::core::IndexMapCore<K,V> as core::clone::Clone>::clone (in ./target/release/opensovd-cda)
      n1: 690776 0x104CA54E3: <aide::openapi::responses::Response as core::clone::Clone>::clone (in ./target/release/opensovd-cda)
       n1: 690776 0x104CA5BB3: <aide::openapi::operation::Operation as core::clone::Clone>::clone (in ./target/release/opensovd-cda)
        n0: 690776 in 4 places, all below massif's threshold (1.00%)
      n0: 78368 in 1 place, below massif's threshold (1.00%)
    n0: 347600 in 1 place, below massif's threshold (1.00%)
   n1: 588392 0x104CA856F: <aide::openapi::media_type::MediaType as core::clone::Clone>::clone (in ./target/release/opensovd-cda)
    n1: 588392 0x104CB1973: <indexmap::map::core::IndexMapCore<K,V> as core::clone::Clone>::clone (in ./target/release/opensovd-cda)
     n1: 588392 0x104CA54E3: <aide::openapi::responses::Response as core::clone::Clone>::clone (in ./target/release/opensovd-cda)
      n1: 588392 0x104CA5BB3: <aide::openapi::operation::Operation as core::clone::Clone>::clone (in ./target/release/opensovd-cda)
       n0: 588392 in 4 places, all below massif's threshold (1.00%)
   n0: 104280 in 10 places, all below massif's threshold (1.00%)
 n1: 10523088 0x1050A4D3B: alloc::vec::Vec<T,A>::into_boxed_slice (in ./target/release/opensovd-cda)
  n2: 10523088 0x105080A0F: dhat::new_backtrace_inner (in ./target/release/opensovd-cda)
   n5: 10522656 0x105082F17: <dhat::Alloc as core::alloc::global::GlobalAlloc>::alloc (in ./target/release/opensovd-cda)
    n0: 8050512 in 1989 places, all below massif's threshold (1.00%)
    n1: 696000 0x1056F5053: alloc::collections::btree::map::entry::VacantEntry<K,V,A>::insert_entry (in ./target/release/opensovd-cda)
     n1: 696000 0x1056ECCC7: alloc::collections::btree::map::BTreeMap<K,V,A>::insert (in ./target/release/opensovd-cda)
      n0: 696000 in 28 places, all below massif's threshold (1.00%)
    n1: 622320 0x10576EFD7: <alloc::string::String as core::clone::Clone>::clone (in ./target/release/opensovd-cda)
     n0: 622320 in 175 places, all below massif's threshold (1.00%)
    n1: 621552 0x10576ED37: alloc::fmt::format::format_inner (in ./target/release/opensovd-cda)
     n0: 621552 in 180 places, all below massif's threshold (1.00%)
    n1: 532272 0x10503150B: tracing_subscriber::registry::extensions::ExtensionsMut::insert (in ./target/release/opensovd-cda)
     n1: 532272 0x104F74E13: <tracing_subscriber::fmt::fmt_layer::Layer<S,N,E,W> as tracing_subscriber::layer::Layer<S>>::on_new_span (in ./target/release/opensovd-cda)
      n1: 532272 0x10502E263: <tracing_subscriber::layer::layered::Layered<L,S> as tracing_core::subscriber::Subscriber>::new_span (in ./target/release/opensovd-cda)
       n1: 532272 0x1056DD957: tracing::span::Span::new (in ./target/release/opensovd-cda)
        n0: 532272 in 248 places, all below massif's threshold (1.00%)
   n0: 432 in 2 places, all below massif's threshold (1.00%)
 n3: 7594938 0x105083553: <dhat::Alloc as core::alloc::global::GlobalAlloc>::realloc (in ./target/release/opensovd-cda)
  n3: 3943072 0x105788547: alloc::raw_vec::RawVecInner<A>::finish_grow (in ./target/release/opensovd-cda)
   n2: 1971200 0x104CB89AB: indexmap::map::IndexMap<K,V,S>::insert_full (in ./target/release/opensovd-cda)
    n1: 1971200 0x104B02D87: std::thread::local::LocalKey<T>::with (in ./target/release/opensovd-cda)
     n1: 1971200 0x104E8E5C3: aide::axum::ApiRouter<S>::api_route (in ./target/release/opensovd-cda)
      n1: 1971200 0x104C19FE3: cda_sovd::sovd::route::{{closure}} (in ./target/release/opensovd-cda)
       n1: 1971200 0x104C1647F: cda_sovd::add_vehicle_routes::{{closure}}::{{closure}} (in ./target/release/opensovd-cda)
        n1: 1971200 0x104D35EB7: opensovd_cda_lib::setup_vehicle_and_routes::{{closure}} (in ./target/release/opensovd-cda)
         n1: 1971200 0x104D331D7: opensovd_cda_lib::run_with_config_ext::{{closure}} (in ./target/release/opensovd-cda)
          n1: 1971200 0x104D2F39F: opensovd_cda_lib::run_with_ext::{{closure}}::{{closure}} (in ./target/release/opensovd-cda)
           n1: 1971200 0x104D5AFC3: <core::pin::Pin<P> as core::future::future::Future>::poll (in ./target/release/opensovd-cda)
            n1: 1971200 0x104A35597: opensovd_cda::main (in ./target/release/opensovd-cda)
             n1: 1971200 0x104C8DBAF: std::sys::backtrace::__rust_begin_short_backtrace (in ./target/release/opensovd-cda)
              n1: 1971200 0x104E1715B: std::rt::lang_start::{{closure}} (in ./target/release/opensovd-cda)
               n1: 1971200 0x1057575CB: std::rt::lang_start_internal (in ./target/release/opensovd-cda)
                n0: 1971200 0x104A9910B: main (in ./target/release/opensovd-cda)
    n0: 0 in 3 places, all below massif's threshold (1.00%)
   n1: 1971200 0x104CBAB27: indexmap::map::core::IndexMapCore<K,V>::push_entry (in ./target/release/opensovd-cda)
    n1: 1971200 0x104CBAFAF: indexmap::map::core::entry::Entry<K,V>::or_insert (in ./target/release/opensovd-cda)
     n2: 1971200 0x104D6A103: <core::iter::adapters::rev::Rev<I> as core::iter::traits::iterator::Iterator>::fold (in ./target/release/opensovd-cda)
      n2: 1971200 0x104D5ED87: cda_sovd::dynamic_router::DynamicRouter::recompose::{{closure}} (in ./target/release/opensovd-cda)
       n1: 1971200 0x104D5E7A7: cda_sovd::dynamic_router::DynamicRouter::add_finalizer::{{closure}} (in ./target/release/opensovd-cda)
        n1: 1971200 0x104D3780B: opensovd_cda_lib::setup_vehicle_and_routes::{{closure}} (in ./target/release/opensovd-cda)
         n1: 1971200 0x104D331D7: opensovd_cda_lib::run_with_config_ext::{{closure}} (in ./target/release/opensovd-cda)
          n1: 1971200 0x104D2F39F: opensovd_cda_lib::run_with_ext::{{closure}}::{{closure}} (in ./target/release/opensovd-cda)
           n1: 1971200 0x104D5AFC3: <core::pin::Pin<P> as core::future::future::Future>::poll (in ./target/release/opensovd-cda)
            n1: 1971200 0x104A35597: opensovd_cda::main (in ./target/release/opensovd-cda)
             n1: 1971200 0x104C8DBAF: std::sys::backtrace::__rust_begin_short_backtrace (in ./target/release/opensovd-cda)
              n1: 1971200 0x104E1715B: std::rt::lang_start::{{closure}} (in ./target/release/opensovd-cda)
               n1: 1971200 0x1057575CB: std::rt::lang_start_internal (in ./target/release/opensovd-cda)
                n0: 1971200 0x104A9910B: main (in ./target/release/opensovd-cda)
       n0: 0 in 1 place, below massif's threshold (1.00%)
      n0: 0 in 1 place, below massif's threshold (1.00%)
   n0: 672 in 2 places, all below massif's threshold (1.00%)
  n1: 3157456 0x1055543FB: aide::swagger::get_static_str (in ./target/release/opensovd-cda)
   n1: 3157456 0x104D5F69F: cda_sovd::add_openapi_routes::{{closure}}::{{closure}} (in ./target/release/opensovd-cda)
    n1: 3157456 0x104D5ED47: cda_sovd::dynamic_router::DynamicRouter::recompose::{{closure}} (in ./target/release/opensovd-cda)
     n2: 3157456 0x104D5E7A7: cda_sovd::dynamic_router::DynamicRouter::add_finalizer::{{closure}} (in ./target/release/opensovd-cda)
      n1: 1578728 0x104D3780B: opensovd_cda_lib::setup_vehicle_and_routes::{{closure}} (in ./target/release/opensovd-cda)
       n1: 1578728 0x104D331D7: opensovd_cda_lib::run_with_config_ext::{{closure}} (in ./target/release/opensovd-cda)
        n1: 1578728 0x104D2F39F: opensovd_cda_lib::run_with_ext::{{closure}}::{{closure}} (in ./target/release/opensovd-cda)
         n1: 1578728 0x104D5AFC3: <core::pin::Pin<P> as core::future::future::Future>::poll (in ./target/release/opensovd-cda)
          n1: 1578728 0x104A35597: opensovd_cda::main (in ./target/release/opensovd-cda)
           n1: 1578728 0x104C8DBAF: std::sys::backtrace::__rust_begin_short_backtrace (in ./target/release/opensovd-cda)
            n1: 1578728 0x104E1715B: std::rt::lang_start::{{closure}} (in ./target/release/opensovd-cda)
             n1: 1578728 0x1057575CB: std::rt::lang_start_internal (in ./target/release/opensovd-cda)
              n0: 1578728 0x104A9910B: main (in ./target/release/opensovd-cda)
      n1: 1578728 0x104D378D3: opensovd_cda_lib::setup_vehicle_and_routes::{{closure}} (in ./target/release/opensovd-cda)
       n1: 1578728 0x104D331D7: opensovd_cda_lib::run_with_config_ext::{{closure}} (in ./target/release/opensovd-cda)
        n1: 1578728 0x104D2F39F: opensovd_cda_lib::run_with_ext::{{closure}}::{{closure}} (in ./target/release/opensovd-cda)
         n1: 1578728 0x104D5AFC3: <core::pin::Pin<P> as core::future::future::Future>::poll (in ./target/release/opensovd-cda)
          n1: 1578728 0x104A35597: opensovd_cda::main (in ./target/release/opensovd-cda)
           n1: 1578728 0x104C8DBAF: std::sys::backtrace::__rust_begin_short_backtrace (in ./target/release/opensovd-cda)
            n1: 1578728 0x104E1715B: std::rt::lang_start::{{closure}} (in ./target/release/opensovd-cda)
             n1: 1578728 0x1057575CB: std::rt::lang_start_internal (in ./target/release/opensovd-cda)
              n0: 1578728 0x104A9910B: main (in ./target/release/opensovd-cda)
  n0: 494410 in 16 places, all below massif's threshold (1.00%)
 n1: 2621440 0x1057983CF: alloc::raw_vec::RawVecInner<A>::finish_grow (in ./target/release/opensovd-cda)
  n1: 2621440 0x105798347: alloc::raw_vec::RawVec<T,A>::grow_one (in ./target/release/opensovd-cda)
   n1: 2621440 0x105080FE3: dhat::Globals::get_pp_info (in ./target/release/opensovd-cda)
    n2: 2621440 0x105082F33: <dhat::Alloc as core::alloc::global::GlobalAlloc>::alloc (in ./target/release/opensovd-cda)
     n1: 2621440 0x10503150B: tracing_subscriber::registry::extensions::ExtensionsMut::insert (in ./target/release/opensovd-cda)
      n1: 2621440 0x104F74E13: <tracing_subscriber::fmt::fmt_layer::Layer<S,N,E,W> as tracing_subscriber::layer::Layer<S>>::on_new_span (in ./target/release/opensovd-cda)
       n1: 2621440 0x10502E263: <tracing_subscriber::layer::layered::Layered<L,S> as tracing_core::subscriber::Subscriber>::new_span (in ./target/release/opensovd-cda)
        n1: 2621440 0x1056DD957: tracing::span::Span::new (in ./target/release/opensovd-cda)
         n1: 2621440 0x1052E021B: aide::transform::TransformResponse<T>::description (in ./target/release/opensovd-cda)
          n1: 2621440 0x1052BF34B: std::thread::local::LocalKey<T>::with (in ./target/release/opensovd-cda)
           n1: 2621440 0x1052CCD43: aide::transform::TransformOperation::response_with (in ./target/release/opensovd-cda)
            n1: 2621440 0x10535384F: cda_sovd::sovd::components::ecu::faults::id::docs_delete (in ./target/release/opensovd-cda)
             n1: 2621440 0x104D88C57: aide::axum::routing::ApiMethodRouter<S>::delete_with (in ./target/release/opensovd-cda)
              n1: 2621440 0x104C18ADF: cda_sovd::sovd::route::{{closure}} (in ./target/release/opensovd-cda)
               n1: 2621440 0x104C1647F: cda_sovd::add_vehicle_routes::{{closure}}::{{closure}} (in ./target/release/opensovd-cda)
                n1: 2621440 0x104D35EB7: opensovd_cda_lib::setup_vehicle_and_routes::{{closure}} (in ./target/release/opensovd-cda)
                 n1: 2621440 0x104D331D7: opensovd_cda_lib::run_with_config_ext::{{closure}} (in ./target/release/opensovd-cda)
                  n1: 2621440 0x104D2F39F: opensovd_cda_lib::run_with_ext::{{closure}}::{{closure}} (in ./target/release/opensovd-cda)
                   n1: 2621440 0x104D5AFC3: <core::pin::Pin<P> as core::future::future::Future>::poll (in ./target/release/opensovd-cda)
                    n1: 2621440 0x104A35597: opensovd_cda::main (in ./target/release/opensovd-cda)
                     n1: 2621440 0x104C8DBAF: std::sys::backtrace::__rust_begin_short_backtrace (in ./target/release/opensovd-cda)
                      n1: 2621440 0x104E1715B: std::rt::lang_start::{{closure}} (in ./target/release/opensovd-cda)
                       n1: 2621440 0x1057575CB: std::rt::lang_start_internal (in ./target/release/opensovd-cda)
                        n0: 2621440 0x104A9910B: main (in ./target/release/opensovd-cda)
     n0: 0 in 10 places, all below massif's threshold (1.00%)
 n1: 2162696 0x1057970CB: hashbrown::raw::RawTable<T,A>::reserve_rehash (in ./target/release/opensovd-cda)
  n1: 2162696 0x10508B657: hashbrown::map::HashMap<K,V,S,A>::insert (in ./target/release/opensovd-cda)
   n2: 2162696 0x105082F73: <dhat::Alloc as core::alloc::global::GlobalAlloc>::alloc (in ./target/release/opensovd-cda)
    n2: 2162696 0x10576EFD7: <alloc::string::String as core::clone::Clone>::clone (in ./target/release/opensovd-cda)
     n1: 2162696 0x104B81C8F: <alloc::collections::btree::map::BTreeMap<K,V,A> as core::clone::Clone>::clone::clone_subtree (in ./target/release/opensovd-cda)
      n1: 2162696 0x104CA856F: <aide::openapi::media_type::MediaType as core::clone::Clone>::clone (in ./target/release/opensovd-cda)
       n1: 2162696 0x104CB1973: <indexmap::map::core::IndexMapCore<K,V> as core::clone::Clone>::clone (in ./target/release/opensovd-cda)
        n1: 2162696 0x104CA54E3: <aide::openapi::responses::Response as core::clone::Clone>::clone (in ./target/release/opensovd-cda)
         n1: 2162696 0x104CA5BB3: <aide::openapi::operation::Operation as core::clone::Clone>::clone (in ./target/release/opensovd-cda)
          n1: 2162696 0x104CA34FF: <aide::openapi::paths::PathItem as core::clone::Clone>::clone (in ./target/release/opensovd-cda)
           n1: 2162696 0x104CA93F3: <indexmap::map::IndexMap<K,V,S> as core::clone::Clone>::clone (in ./target/release/opensovd-cda)
            n1: 2162696 0x104C14DBB: cda_sovd::dynamic_router::DynamicRouter::recompose::{{closure}} (in ./target/release/opensovd-cda)
             n1: 2162696 0x104C145F3: cda_sovd::dynamic_router::DynamicRouter::add_routes::{{closure}} (in ./target/release/opensovd-cda)
              n1: 2162696 0x104C1653B: cda_sovd::add_vehicle_routes::{{closure}}::{{closure}} (in ./target/release/opensovd-cda)
               n1: 2162696 0x104D35EB7: opensovd_cda_lib::setup_vehicle_and_routes::{{closure}} (in ./target/release/opensovd-cda)
                n1: 2162696 0x104D331D7: opensovd_cda_lib::run_with_config_ext::{{closure}} (in ./target/release/opensovd-cda)
                 n1: 2162696 0x104D2F39F: opensovd_cda_lib::run_with_ext::{{closure}}::{{closure}} (in ./target/release/opensovd-cda)
                  n1: 2162696 0x104D5AFC3: <core::pin::Pin<P> as core::future::future::Future>::poll (in ./target/release/opensovd-cda)
                   n1: 2162696 0x104A35597: opensovd_cda::main (in ./target/release/opensovd-cda)
                    n1: 2162696 0x104C8DBAF: std::sys::backtrace::__rust_begin_short_backtrace (in ./target/release/opensovd-cda)
                     n1: 2162696 0x104E1715B: std::rt::lang_start::{{closure}} (in ./target/release/opensovd-cda)
                      n1: 2162696 0x1057575CB: std::rt::lang_start_internal (in ./target/release/opensovd-cda)
                       n0: 2162696 0x104A9910B: main (in ./target/release/opensovd-cda)
     n0: 0 in 2 places, all below massif's threshold (1.00%)
    n0: 0 in 8 places, all below massif's threshold (1.00%)
 n1: 819208 0x105797E8B: hashbrown::raw::RawTable<T,A>::reserve_rehash (in ./target/release/opensovd-cda)
  n1: 819208 0x10508AFF7: hashbrown::rustc_entry::<impl hashbrown::map::HashMap<K,V,S,A>>::rustc_entry (in ./target/release/opensovd-cda)
   n1: 819208 0x105080FBB: dhat::Globals::get_pp_info (in ./target/release/opensovd-cda)
    n2: 819208 0x105082F33: <dhat::Alloc as core::alloc::global::GlobalAlloc>::alloc (in ./target/release/opensovd-cda)
     n1: 819208 0x10576F06B: <alloc::string::String as core::convert::From<alloc::borrow::Cow<str>>>::from (in ./target/release/opensovd-cda)
      n1: 819208 0x1054F3203: schemars::generate::SchemaGenerator::subschema_for (in ./target/release/opensovd-cda)
       n1: 819208 0x1054F719F: schemars::json_schema_impls::sequences::<impl schemars::JsonSchema for alloc::vec::Vec<T>>::json_schema (in ./target/release/opensovd-cda)
        n1: 819208 0x1054ED8D3: schemars::generate::SchemaGenerator::subschema_for (in ./target/release/opensovd-cda)
         n1: 819208 0x105508947: sovd_interfaces::components::ecu::x::single_ecu_job::_::<impl schemars::JsonSchema for sovd_interfaces::components::ecu::x::single_ecu_job::Job>::json_schema (in ./target/release/opensovd-cda)
          n1: 819208 0x1053488B3: schemars::generate::SchemaGenerator::json_schema_internal (in ./target/release/opensovd-cda)
           n1: 819208 0x105340C73: schemars::generate::SchemaGenerator::subschema_for (in ./target/release/opensovd-cda)
            n1: 819208 0x10537DED3: aide::axum::outputs::<impl aide::operation::OperationOutput for axum::json::Json<T>>::operation_response (in ./target/release/opensovd-cda)
             n1: 819208 0x1052BD5F3: std::thread::local::LocalKey<T>::with (in ./target/release/opensovd-cda)
              n1: 819208 0x1052D97B7: aide::transform::TransformOperation::response_with (in ./target/release/opensovd-cda)
               n1: 819208 0x1053699DB: cda_sovd::sovd::components::ecu::x_single_ecu_jobs::single_ecu::name::docs_get (in ./target/release/opensovd-cda)
                n1: 819208 0x104D93187: aide::axum::routing::get_with (in ./target/release/opensovd-cda)
                 n1: 819208 0x104C188F3: cda_sovd::sovd::route::{{closure}} (in ./target/release/opensovd-cda)
                  n1: 819208 0x104C1647F: cda_sovd::add_vehicle_routes::{{closure}}::{{closure}} (in ./target/release/opensovd-cda)
                   n1: 819208 0x104D35EB7: opensovd_cda_lib::setup_vehicle_and_routes::{{closure}} (in ./target/release/opensovd-cda)
                    n1: 819208 0x104D331D7: opensovd_cda_lib::run_with_config_ext::{{closure}} (in ./target/release/opensovd-cda)
                     n1: 819208 0x104D2F39F: opensovd_cda_lib::run_with_ext::{{closure}}::{{closure}} (in ./target/release/opensovd-cda)
                      n1: 819208 0x104D5AFC3: <core::pin::Pin<P> as core::future::future::Future>::poll (in ./target/release/opensovd-cda)
                       n1: 819208 0x104A35597: opensovd_cda::main (in ./target/release/opensovd-cda)
                        n1: 819208 0x104C8DBAF: std::sys::backtrace::__rust_begin_short_backtrace (in ./target/release/opensovd-cda)
                         n1: 819208 0x104E1715B: std::rt::lang_start::{{closure}} (in ./target/release/opensovd-cda)
                          n1: 819208 0x1057575CB: std::rt::lang_start_internal (in ./target/release/opensovd-cda)
                           n0: 819208 0x104A9910B: main (in ./target/release/opensovd-cda)
     n0: 0 in 7 places, all below massif's threshold (1.00%)
 n0: 192531 in 94 places, all below massif's threshold (1.00%)
#-----------
snapshot=45
#-----------
time=22434446452
mem_heap_B=34044792
mem_heap_extra_B=9293928
mem_stacks_B=0
heap_tree=empty
#-----------
snapshot=46
#-----------
time=22831148108
mem_heap_B=33467550
mem_heap_extra_B=8706914
mem_stacks_B=0
heap_tree=empty
#-----------
snapshot=47
#-----------
time=23227855000
mem_heap_B=32861116
mem_heap_extra_B=8116412
mem_stacks_B=0
heap_tree=empty
#-----------
snapshot=48
#-----------
time=23624560035
mem_heap_B=32221464
mem_heap_extra_B=7520312
mem_stacks_B=0
heap_tree=empty
#-----------
snapshot=49
#-----------
time=24219616325
mem_heap_B=31498560
mem_heap_extra_B=6630400
mem_stacks_B=0
heap_tree=empty
#-----------
snapshot=50
#-----------
time=24560280252
mem_heap_B=30923947
mem_heap_extra_B=6123117
mem_stacks_B=0
heap_tree=empty
#-----------
snapshot=51
#-----------
time=24900942995
mem_heap_B=30343273
mem_heap_extra_B=5614351
mem_stacks_B=0
heap_tree=empty
#-----------
snapshot=52
#-----------
time=25241608393
mem_heap_B=29755819
mem_heap_extra_B=5100925
mem_stacks_B=0
heap_tree=empty
#-----------
snapshot=53
#-----------
time=25582271744
mem_heap_B=29166835
mem_heap_extra_B=4594061
mem_stacks_B=0
heap_tree=empty
#-----------
snapshot=54
#-----------
time=25922936605
mem_heap_B=28568618
mem_heap_extra_B=4081790
mem_stacks_B=0
heap_tree=empty
